skipped_source_path,kept_source_path,kept_output_path,source_root,source_folder,condition_key,sha256,reason
D:\OneDrive - mail.scut.edu.cn\Matlab\CDCTest\Testdata - 副本\aRMS10mm_2Hz\auto_1.csv,D:\OneDrive - mail.scut.edu.cn\Matlab\CDCTest\Testdata\aRMS10mm_2Hz\auto_1.csv,D:\OneDrive - mail.scut.edu.cn\Matlab\CDCTest\Raw_Card_Categorized_All\3_RHF\RHF_RMS10mm_2Hz.csv,TestdataLegacyCopy,aRMS10mm_2Hz,RHF_RMS10_F2,db8964c59162eb797fa46c6ac9fd3e44d932b8fdf7507a55608a7aebeccee520,same condition_key and sha256
D:\OneDrive - mail.scut.edu.cn\Matlab\CDCTest\Testdata - 副本\aRMS10mm_4Hz\auto_1.csv,D:\OneDrive - mail.scut.edu.cn\Matlab\CDCTest\Testdata\aRMS10mm_4Hz\auto_1.csv,D:\OneDrive - mail.scut.edu.cn\Matlab\CDCTest\Raw_Card_Categorized_All\3_RHF\RHF_RMS10mm_4Hz.csv,TestdataLegacyCopy,aRMS10mm_4Hz,RHF_RMS10_F4,4255278edefab7657eda0b4353e06f24f3700d24b74d6b0c3d73158004065b41,same condition_key and sha256
D:\OneDrive - mail.scut.edu.cn\Matlab\CDCTest\Testdata - 副本\aRMS10mm_6Hz\auto_1.csv,D:\OneDrive - mail.scut.edu.cn\Matlab\CDCTest\Testdata\aRMS10mm_6Hz\auto_1.csv,D:\OneDrive - mail.scut.edu.cn\Matlab\CDCTest\Raw_Card_Categorized_All\3_RHF\RHF_RMS10mm_6Hz.csv,TestdataLegacyCopy,aRMS10mm_6Hz,RHF_RMS10_F6,d64e57390b728cf5b7a92174484b0592d2743b8080a32f8308342258ccdd1a0b,same condition_key and sha256
D:\OneDrive - mail.scut.edu.cn\Matlab\CDCTest\Testdata - 副本\aRMS15mm_2Hz\auto_1.csv,D:\OneDrive - mail.scut.edu.cn\Matlab\CDCTest\Testdata\aRMS15mm_2Hz\auto_1.csv,D:\OneDrive - mail.scut.edu.cn\Matlab\CDCTest\Raw_Card_Categorized_All\3_RHF\RHF_RMS15mm_2Hz.csv,TestdataLegacyCopy,aRMS15mm_2Hz,RHF_RMS15_F2,3db2815d55b6064feac4f9927f6ac541568f989ae0380204453287db18a5a674,same condition_key and sha256
D:\OneDrive - mail.scut.edu.cn\Matlab\CDCTest\Testdata - 副本\aRMS15mm_4Hz\auto_1.csv,D:\OneDrive - mail.scut.edu.cn\Matlab\CDCTest\Testdata\aRMS15mm_4Hz\auto_1.csv,D:\OneDrive - mail.scut.edu.cn\Matlab\CDCTest\Raw_Card_Categorized_All\3_RHF\RHF_RMS15mm_4Hz.csv,TestdataLegacyCopy,aRMS15mm_4Hz,RHF_RMS15_F4,d2c19e42cd3ee600b327e1eb8ab45cc3c3e56a8a2cb41f9267ee7f2b5a851001,same condition_key and sha256
D:\OneDrive - mail.scut.edu.cn\Matlab\CDCTest\Testdata - 副本\aRMS18mm_2Hz\auto_1.csv,D:\OneDrive - mail.scut.edu.cn\Matlab\CDCTest\Testdata\aRMS18mm_2Hz\auto_1.csv,D:\OneDrive - mail.scut.edu.cn\Matlab\CDCTest\Raw_Card_Categorized_All\3_RHF\RHF_RMS18mm_2Hz.csv,TestdataLegacyCopy,aRMS18mm_2Hz,RHF_RMS18_F2,63b1398167be4f8db1acb1702cb5c978c8aec8b4433c3286a5001aa75354a277,same condition_key and sha256
D:\OneDrive - mail.scut.edu.cn\Matlab\CDCTest\Testdata - 副本\aRMS18mm_4Hz\auto_1.csv,D:\OneDrive - mail.scut.edu.cn\Matlab\CDCTest\Testdata\aRMS18mm_4Hz\auto_1.csv,D:\OneDrive - mail.scut.edu.cn\Matlab\CDCTest\Raw_Card_Categorized_All\3_RHF\RHF_RMS18mm_4Hz.csv,TestdataLegacyCopy,aRMS18mm_4Hz,RHF_RMS18_F4,25168ce9d396c92bb8522f990acbb303b2fbe2bf9771cf8cdeb77a360826e048,same condition_key and sha256
D:\OneDrive - mail.scut.edu.cn\Matlab\CDCTest\Testdata - 副本\aRMS2mm_5Hz\auto_1.csv,D:\OneDrive - mail.scut.edu.cn\Matlab\CDCTest\Testdata\aRMS2mm_5Hz\auto_1.csv,D:\OneDrive - mail.scut.edu.cn\Matlab\CDCTest\Raw_Card_Categorized_All\3_RHF\RHF_RMS2mm_5Hz.csv,TestdataLegacyCopy,aRMS2mm_5Hz,RHF_RMS2_F5,79ea10ec69b82cc38c1a49a2647f29589418bb44cc25baf5774ac6f492a8c6fa,same condition_key and sha256
D:\OneDrive - mail.scut.edu.cn\Matlab\CDCTest\Testdata - 副本\aRMS5mm_5Hz\auto_1.csv,D:\OneDrive - mail.scut.edu.cn\Matlab\CDCTest\Testdata\aRMS5mm_5Hz\auto_1.csv,D:\OneDrive - mail.scut.edu.cn\Matlab\CDCTest\Raw_Card_Categorized_All\3_RHF\RHF_RMS5mm_5Hz.csv,TestdataLegacyCopy,aRMS5mm_5Hz,RHF_RMS5_F5,539b49b54c6ff2ec5694614f60db4566dbebb3633396a769c13573db5f19df7d,same condition_key and sha256
D:\OneDrive - mail.scut.edu.cn\Matlab\CDCTest\Testdata - 副本\RMS10mm_1Hz\auto_1.csv,D:\OneDrive - mail.scut.edu.cn\Matlab\CDCTest\Testdata\RMS10mm_1Hz\auto_1.csv,D:\OneDrive - mail.scut.edu.cn\Matlab\CDCTest\Raw_Card_Categorized_All\4_RLF\RLF_RMS10mm_1Hz.csv,TestdataLegacyCopy,RMS10mm_1Hz,RLF_RMS10_F1,cabff4de3c3b7ec08e47ab15d49ad5d6c1fe1c2d70ec8cd9c6f2dcb871e9576e,same condition_key and sha256
D:\OneDrive - mail.scut.edu.cn\Matlab\CDCTest\Random430\RMS10mm_3Hz\auto_1.csv,D:\OneDrive - mail.scut.edu.cn\Matlab\CDCTest\Testdata\RMS10mm_3Hz\auto_1.csv,D:\OneDrive - mail.scut.edu.cn\Matlab\CDCTest\Raw_Card_Categorized_All\4_RLF\RLF_RMS10mm_3Hz.csv,Random430,RMS10mm_3Hz,RLF_RMS10_F3,07d056185069fb8c219e186f7593bf3fcebc16d9f3afccf8964a0073ea417bea,same condition_key and sha256
D:\OneDrive - mail.scut.edu.cn\Matlab\CDCTest\Random430\RMS10mm_3Hzslow\auto_1.csv,D:\OneDrive - mail.scut.edu.cn\Matlab\CDCTest\Testdata\RMS10mm_3Hzslow\auto_1.csv,D:\OneDrive - mail.scut.edu.cn\Matlab\CDCTest\Raw_Card_Categorized_All\4_RLF\RLF_RMS10mm_3Hzslow.csv,Random430,RMS10mm_3Hzslow,RLF_RMS10_F3slow,95b74a9bfceef97175d8427f5b63f8297daf88cd74e875572e5492b25366bd9a,same condition_key and sha256
D:\OneDrive - mail.scut.edu.cn\Matlab\CDCTest\Testdata - 副本\RMS10mm_4Hz\auto_1.csv,D:\OneDrive - mail.scut.edu.cn\Matlab\CDCTest\Testdata\RMS10mm_4Hz\auto_1.csv,D:\OneDrive - mail.scut.edu.cn\Matlab\CDCTest\Raw_Card_Categorized_All\4_RLF\RLF_RMS10mm_4Hz.csv,TestdataLegacyCopy,RMS10mm_4Hz,RLF_RMS10_F4,6e64136636c00621634fb33a99b612e446d8005f41a4fd7e159be2e7b3a110e0,same condition_key and sha256
D:\OneDrive - mail.scut.edu.cn\Matlab\CDCTest\Random430\RMS10mm_5Hz\auto_1.csv,D:\OneDrive - mail.scut.edu.cn\Matlab\CDCTest\Testdata\RMS10mm_5Hz\auto_1.csv,D:\OneDrive - mail.scut.edu.cn\Matlab\CDCTest\Raw_Card_Categorized_All\4_RLF\RLF_RMS10mm_5Hz.csv,Random430,RMS10mm_5Hz,RLF_RMS10_F5,dc0ecee546414a264c63f5651706630e9927253471c4bea2e1394577c98a2c31,same condition_key and sha256
D:\OneDrive - mail.scut.edu.cn\Matlab\CDCTest\Random430\RMS10mm_5Hzslow\auto_1.csv,D:\OneDrive - mail.scut.edu.cn\Matlab\CDCTest\Testdata\RMS10mm_5Hzslow\auto_1.csv,D:\OneDrive - mail.scut.edu.cn\Matlab\CDCTest\Raw_Card_Categorized_All\4_RLF\RLF_RMS10mm_5Hzslow.csv,Random430,RMS10mm_5Hzslow,RLF_RMS10_F5slow,4a50edd4b2563d893d0fb8cb51ebf8fc5ada11389adfbad1455ecaccef1ee3a1,same condition_key and sha256
D:\OneDrive - mail.scut.edu.cn\Matlab\CDCTest\Testdata - 副本\RMS10mm_6Hz\auto_1.csv,D:\OneDrive - mail.scut.edu.cn\Matlab\CDCTest\Testdata\RMS10mm_6Hz\auto_1.csv,D:\OneDrive - mail.scut.edu.cn\Matlab\CDCTest\Raw_Card_Categorized_All\4_RLF\RLF_RMS10mm_6Hz.csv,TestdataLegacyCopy,RMS10mm_6Hz,RLF_RMS10_F6,da8a5d7e154bbaa8b78423ab889d275c69f23e02ede823a74d4c4064147292ac,same condition_key and sha256
D:\OneDrive - mail.scut.edu.cn\Matlab\CDCTest\Testdata - 副本\RMS15mm_1Hz\auto_1.csv,D:\OneDrive - mail.scut.edu.cn\Matlab\CDCTest\Testdata\RMS15mm_1Hz\auto_1.csv,D:\OneDrive - mail.scut.edu.cn\Matlab\CDCTest\Raw_Card_Categorized_All\4_RLF\RLF_RMS15mm_1Hz.csv,TestdataLegacyCopy,RMS15mm_1Hz,RLF_RMS15_F1,38f0beaf480a4d59f2e48863cd309b6aa29a736e9ac163ccb82966e498b33623,same condition_key and sha256
D:\OneDrive - mail.scut.edu.cn\Matlab\CDCTest\Testdata - 副本\RMS15mm_2Hz\auto_1.csv,D:\OneDrive - mail.scut.edu.cn\Matlab\CDCTest\Testdata\RMS15mm_2Hz\auto_1.csv,D:\OneDrive - mail.scut.edu.cn\Matlab\CDCTest\Raw_Card_Categorized_All\4_RLF\RLF_RMS15mm_2Hz.csv,TestdataLegacyCopy,RMS15mm_2Hz,RLF_RMS15_F2,e40507abadb19a67d2327cfc599f74c45b4d862aa628549cd4017b19edfdb1e5,same condition_key and sha256
D:\OneDrive - mail.scut.edu.cn\Matlab\CDCTest\Random430\RMS15mm_3Hz\auto_1.csv,D:\OneDrive - mail.scut.edu.cn\Matlab\CDCTest\Testdata\RMS15mm_3Hz\auto_1.csv,D:\OneDrive - mail.scut.edu.cn\Matlab\CDCTest\Raw_Card_Categorized_All\4_RLF\RLF_RMS15mm_3Hz.csv,Random430,RMS15mm_3Hz,RLF_RMS15_F3,294d5443dfa185c98290a3d9e2f374ca8d8a683e1bd803f649d20ddb0529eb97,same condition_key and sha256
D:\OneDrive - mail.scut.edu.cn\Matlab\CDCTest\Random430\RMS15mm_3Hzslow\auto_1.csv,D:\OneDrive - mail.scut.edu.cn\Matlab\CDCTest\Testdata\RMS15mm_3Hzslow\auto_1.csv,D:\OneDrive - mail.scut.edu.cn\Matlab\CDCTest\Raw_Card_Categorized_All\4_RLF\RLF_RMS15mm_3Hzslow.csv,Random430,RMS15mm_3Hzslow,RLF_RMS15_F3slow,79ff3fbe35179ddac9c2f566e34bf0503a6f9479c30c31eaa2b9e44a7b4894a7,same condition_key and sha256
D:\OneDrive - mail.scut.edu.cn\Matlab\CDCTest\Testdata - 副本\RMS15mm_4Hz\auto_1.csv,D:\OneDrive - mail.scut.edu.cn\Matlab\CDCTest\Testdata\RMS15mm_4Hz\auto_1.csv,D:\OneDrive - mail.scut.edu.cn\Matlab\CDCTest\Raw_Card_Categorized_All\4_RLF\RLF_RMS15mm_4Hz.csv,TestdataLegacyCopy,RMS15mm_4Hz,RLF_RMS15_F4,d8adddb589f6a71d0bf325d281efe7320d4e4c7ea8520802bee7f39a853728c9,same condition_key and sha256
D:\OneDrive - mail.scut.edu.cn\Matlab\CDCTest\Testdata - 副本\RMS18mm_1Hz\auto_1.csv,D:\OneDrive - mail.scut.edu.cn\Matlab\CDCTest\Testdata\RMS18mm_1Hz\auto_1.csv,D:\OneDrive - mail.scut.edu.cn\Matlab\CDCTest\Raw_Card_Categorized_All\4_RLF\RLF_RMS18mm_1Hz.csv,TestdataLegacyCopy,RMS18mm_1Hz,RLF_RMS18_F1,3f14b45eac65e5f6f618f69ff946831eb010bfde6ee67512ebfb1be3f0c4f407,same condition_key and sha256
D:\OneDrive - mail.scut.edu.cn\Matlab\CDCTest\Testdata - 副本\RMS18mm_2Hz\auto_1.csv,D:\OneDrive - mail.scut.edu.cn\Matlab\CDCTest\Testdata\RMS18mm_2Hz\auto_1.csv,D:\OneDrive - mail.scut.edu.cn\Matlab\CDCTest\Raw_Card_Categorized_All\4_RLF\RLF_RMS18mm_2Hz.csv,TestdataLegacyCopy,RMS18mm_2Hz,RLF_RMS18_F2,9b8e82c03ec2b08dab53dab83704e15fa22fa5e97496296aaa5516bc69768360,same condition_key and sha256
D:\OneDrive - mail.scut.edu.cn\Matlab\CDCTest\Random430\RMS18mm_3Hzslow\auto_1.csv,D:\OneDrive - mail.scut.edu.cn\Matlab\CDCTest\Testdata\RMS18mm_3Hzslow\auto_1.csv,D:\OneDrive - mail.scut.edu.cn\Matlab\CDCTest\Raw_Card_Categorized_All\4_RLF\RLF_RMS18mm_3Hzslow.csv,Random430,RMS18mm_3Hzslow,RLF_RMS18_F3slow,93c6faaa37b31c01d98b3a7d770b6ba2e31e8ffe5c9071e5f3bf4cbabc3ae9a1,same condition_key and sha256
D:\OneDrive - mail.scut.edu.cn\Matlab\CDCTest\Testdata - 副本\RMS2mm_5Hz\auto_1.csv,D:\OneDrive - mail.scut.edu.cn\Matlab\CDCTest\Testdata\RMS2mm_5Hz\auto_1.csv,D:\OneDrive - mail.scut.edu.cn\Matlab\CDCTest\Raw_Card_Categorized_All\4_RLF\RLF_RMS2mm_5Hz.csv,TestdataLegacyCopy,RMS2mm_5Hz,RLF_RMS2_F5,33a87a5a5e07deb995700c30ec3cd975d0f43b1aac7d10ce466715f0f59af99a,same condition_key and sha256
D:\OneDrive - mail.scut.edu.cn\Matlab\CDCTest\Testdata - 副本\RMS2mm_7Hz\auto_1.csv,D:\OneDrive - mail.scut.edu.cn\Matlab\CDCTest\Testdata\RMS2mm_7Hz\auto_1.csv,D:\OneDrive - mail.scut.edu.cn\Matlab\CDCTest\Raw_Card_Categorized_All\4_RLF\RLF_RMS2mm_7Hz.csv,TestdataLegacyCopy,RMS2mm_7Hz,RLF_RMS2_F7,fb9a918280ff1743425d697637a4d9df3b9f5be5d5c47dd26bb9e15e0abdba3d,same condition_key and sha256
D:\OneDrive - mail.scut.edu.cn\Matlab\CDCTest\Testdata - 副本\RMS5mm_2Hz\auto_1.csv,D:\OneDrive - mail.scut.edu.cn\Matlab\CDCTest\Testdata\RMS5mm_2Hz\auto_1.csv,D:\OneDrive - mail.scut.edu.cn\Matlab\CDCTest\Raw_Card_Categorized_All\4_RLF\RLF_RMS5mm_2Hz.csv,TestdataLegacyCopy,RMS5mm_2Hz,RLF_RMS5_F2,3f50647afdca98b50490dc02032eed3e888f7aaefaacdfff7eb29755a9954f6e,same condition_key and sha256
D:\OneDrive - mail.scut.edu.cn\Matlab\CDCTest\Random430\RMS5mm_4Hz\auto_1.csv,D:\OneDrive - mail.scut.edu.cn\Matlab\CDCTest\Testdata\RMS5mm_4Hz\auto_1.csv,D:\OneDrive - mail.scut.edu.cn\Matlab\CDCTest\Raw_Card_Categorized_All\4_RLF\RLF_RMS5mm_4Hz.csv,Random430,RMS5mm_4Hz,RLF_RMS5_F4,c3d5bc8fea3bd09a072b413a67901332efd971c569fa1ffbaa30d35218a70211,same condition_key and sha256
D:\OneDrive - mail.scut.edu.cn\Matlab\CDCTest\Random430\RMS5mm_4Hzslow\auto_1.csv,D:\OneDrive - mail.scut.edu.cn\Matlab\CDCTest\Testdata\RMS5mm_4Hzslow\auto_1.csv,D:\OneDrive - mail.scut.edu.cn\Matlab\CDCTest\Raw_Card_Categorized_All\4_RLF\RLF_RMS5mm_4Hzslow.csv,Random430,RMS5mm_4Hzslow,RLF_RMS5_F4slow,9c6662116fc79a1cb6c61ee5093b19c28c83bde3f09765d46f27db00abb329ff,same condition_key and sha256
D:\OneDrive - mail.scut.edu.cn\Matlab\CDCTest\Testdata - 副本\RMS5mm_5Hz\auto_1.csv,D:\OneDrive - mail.scut.edu.cn\Matlab\CDCTest\Testdata\RMS5mm_5Hz\auto_1.csv,D:\OneDrive - mail.scut.edu.cn\Matlab\CDCTest\Raw_Card_Categorized_All\4_RLF\RLF_RMS5mm_5Hz.csv,TestdataLegacyCopy,RMS5mm_5Hz,RLF_RMS5_F5,b23a783e09bc3d659d30d8d03f6ffbbc05543deea029590319e7e529dd8973c5,same condition_key and sha256
D:\OneDrive - mail.scut.edu.cn\Matlab\CDCTest\Random430\RMS5mm_6Hz\auto_1.csv,D:\OneDrive - mail.scut.edu.cn\Matlab\CDCTest\Testdata\RMS5mm_6Hz\auto_1.csv,D:\OneDrive - mail.scut.edu.cn\Matlab\CDCTest\Raw_Card_Categorized_All\4_RLF\RLF_RMS5mm_6Hz.csv,Random430,RMS5mm_6Hz,RLF_RMS5_F6,5694f6b619c41da10e5dc65feff6c694266678f5b2bc63694046709cf98c0429,same condition_key and sha256
D:\OneDrive - mail.scut.edu.cn\Matlab\CDCTest\Random430\RMS5mm_6Hzslow\auto_1.csv,D:\OneDrive - mail.scut.edu.cn\Matlab\CDCTest\Testdata\RMS5mm_6Hzslow\auto_1.csv,D:\OneDrive - mail.scut.edu.cn\Matlab\CDCTest\Raw_Card_Categorized_All\4_RLF\RLF_RMS5mm_6Hzslow.csv,Random430,RMS5mm_6Hzslow,RLF_RMS5_F6slow,235027d6c1a31143ec514e4c7f7598256551991281068c2bc8a8f4beefd37327,same condition_key and sha256
D:\OneDrive - mail.scut.edu.cn\Matlab\CDCTest\Testdata - 副本\RMS5mm_7Hz\auto_1.csv,D:\OneDrive - mail.scut.edu.cn\Matlab\CDCTest\Testdata\RMS5mm_7Hz\auto_1.csv,D:\OneDrive - mail.scut.edu.cn\Matlab\CDCTest\Raw_Card_Categorized_All\4_RLF\RLF_RMS5mm_7Hz.csv,TestdataLegacyCopy,RMS5mm_7Hz,RLF_RMS5_F7,d94853d7eb93067f5e9fb18ff4350ad347da35eb871c9122e2f247696e2ecdd0,same condition_key and sha256
D:\OneDrive - mail.scut.edu.cn\Matlab\CDCTest\Data430\AMP10mm_1.66Hz_0.0A\auto_1.csv,D:\OneDrive - mail.scut.edu.cn\Matlab\CDCTest\Testdata\AMP10mm_1.66Hz_0.0A\auto_1.csv,D:\OneDrive - mail.scut.edu.cn\Matlab\CDCTest\Raw_Card_Categorized_All\1_SH\SH_10mm_1.66Hz_0A_r1.csv,Data430,AMP10mm_1.66Hz_0.0A,SH_A10_F1p66_I0,11bc7653cf4700f9657a5334499038207e8503e0dee2c1ddb69cfa497b1c05dc,same condition_key and sha256
D:\OneDrive - mail.scut.edu.cn\Matlab\CDCTest\Data430\AMP10mm_1.66Hz_0.2A\auto_1.csv,D:\OneDrive - mail.scut.edu.cn\Matlab\CDCTest\Testdata\AMP10mm_1.66Hz_0.2A\auto_1.csv,D:\OneDrive - mail.scut.edu.cn\Matlab\CDCTest\Raw_Card_Categorized_All\1_SH\SH_10mm_1.66Hz_0.2A_r1.csv,Data430,AMP10mm_1.66Hz_0.2A,SH_A10_F1p66_I0p2,25c35c2b9d1d8fb4a86fb64ef6425dd7f7cdfc0bd891c2f419641629154d498d,same condition_key and sha256
D:\OneDrive - mail.scut.edu.cn\Matlab\CDCTest\Data430\AMP10mm_1.66Hz_0.4A\auto_1.csv,D:\OneDrive - mail.scut.edu.cn\Matlab\CDCTest\Testdata\AMP10mm_1.66Hz_0.4A\auto_1.csv,D:\OneDrive - mail.scut.edu.cn\Matlab\CDCTest\Raw_Card_Categorized_All\1_SH\SH_10mm_1.66Hz_0.4A_r1.csv,Data430,AMP10mm_1.66Hz_0.4A,SH_A10_F1p66_I0p4,d0e89bda98fe9f7c33b0bfdd1161df6781257a70aee9646c2c482e07052cf9e7,same condition_key and sha256
D:\OneDrive - mail.scut.edu.cn\Matlab\CDCTest\Data430\AMP10mm_1.66Hz_0.6A\auto_1.csv,D:\OneDrive - mail.scut.edu.cn\Matlab\CDCTest\Testdata\AMP10mm_1.66Hz_0.6A\auto_1.csv,D:\OneDrive - mail.scut.edu.cn\Matlab\CDCTest\Raw_Card_Categorized_All\1_SH\SH_10mm_1.66Hz_0.6A_r1.csv,Data430,AMP10mm_1.66Hz_0.6A,SH_A10_F1p66_I0p6,c6aeba58082b1e39afeaef84bad24141832170ecd21783d2be3e6aad39233884,same condition_key and sha256
D:\OneDrive - mail.scut.edu.cn\Matlab\CDCTest\Data430\AMP10mm_1.66Hz_0.8A\auto_1.csv,D:\OneDrive - mail.scut.edu.cn\Matlab\CDCTest\Testdata\AMP10mm_1.66Hz_0.8A\auto_1.csv,D:\OneDrive - mail.scut.edu.cn\Matlab\CDCTest\Raw_Card_Categorized_All\1_SH\SH_10mm_1.66Hz_0.8A_r1.csv,Data430,AMP10mm_1.66Hz_0.8A,SH_A10_F1p66_I0p8,9c3f90374bd44fd4361a2c9eb8c9568b1cbfd14bde42f77c6e8136d2044f8b75,same condition_key and sha256
D:\OneDrive - mail.scut.edu.cn\Matlab\CDCTest\Data430\AMP10mm_1.66Hz_1.0A\auto_1.csv,D:\OneDrive - mail.scut.edu.cn\Matlab\CDCTest\Testdata\AMP10mm_1.66Hz_1.0A\auto_1.csv,D:\OneDrive - mail.scut.edu.cn\Matlab\CDCTest\Raw_Card_Categorized_All\1_SH\SH_10mm_1.66Hz_1A_r1.csv,Data430,AMP10mm_1.66Hz_1.0A,SH_A10_F1p66_I1,c980681c2a75f9a4ee4bb87f735f49953363d76ce48615308aaeb4b134736121,same condition_key and sha256
D:\OneDrive - mail.scut.edu.cn\Matlab\CDCTest\Data430\AMP10mm_1.66Hz_1.2A\auto_1.csv,D:\OneDrive - mail.scut.edu.cn\Matlab\CDCTest\Testdata\AMP10mm_1.66Hz_1.2A\auto_1.csv,D:\OneDrive - mail.scut.edu.cn\Matlab\CDCTest\Raw_Card_Categorized_All\1_SH\SH_10mm_1.66Hz_1.2A_r1.csv,Data430,AMP10mm_1.66Hz_1.2A,SH_A10_F1p66_I1p2,690002e0c6b5ed7850398a870a05014774aad9b32282b5e5792eaabd1c4b85d6,same condition_key and sha256
D:\OneDrive - mail.scut.edu.cn\Matlab\CDCTest\Data430\AMP10mm_1.66Hz_1.4A\auto_1.csv,D:\OneDrive - mail.scut.edu.cn\Matlab\CDCTest\Testdata\AMP10mm_1.66Hz_1.4A\auto_1.csv,D:\OneDrive - mail.scut.edu.cn\Matlab\CDCTest\Raw_Card_Categorized_All\1_SH\SH_10mm_1.66Hz_1.4A_r1.csv,Data430,AMP10mm_1.66Hz_1.4A,SH_A10_F1p66_I1p4,0e4089b2fe3146e2dc860ae76948a8ebdc9c6ad8e64796653ba9653cad7b6610,same condition_key and sha256
D:\OneDrive - mail.scut.edu.cn\Matlab\CDCTest\Data430\AMP10mm_4.97Hz_0.0A\auto_1.csv,D:\OneDrive - mail.scut.edu.cn\Matlab\CDCTest\Testdata\AMP10mm_4.97Hz_0.0A\auto_1.csv,D:\OneDrive - mail.scut.edu.cn\Matlab\CDCTest\Raw_Card_Categorized_All\1_SH\SH_10mm_4.97Hz_0A.csv,Data430,AMP10mm_4.97Hz_0.0A,SH_A10_F4p97_I0,23e0aac68847123f3ca7659ed8c5a547d72dbecd63df55296efd25dd35ec73a4,same condition_key and sha256
D:\OneDrive - mail.scut.edu.cn\Matlab\CDCTest\Data430\AMP10mm_4.97Hz_0.2A\auto_1.csv,D:\OneDrive - mail.scut.edu.cn\Matlab\CDCTest\Testdata\AMP10mm_4.97Hz_0.2A\auto_1.csv,D:\OneDrive - mail.scut.edu.cn\Matlab\CDCTest\Raw_Card_Categorized_All\1_SH\SH_10mm_4.97Hz_0.2A.csv,Data430,AMP10mm_4.97Hz_0.2A,SH_A10_F4p97_I0p2,59d0ad3a14c306582f030438f4eda0b3db717480d8a9440a1ab00c10963e0d1f,same condition_key and sha256
D:\OneDrive - mail.scut.edu.cn\Matlab\CDCTest\Data430\AMP10mm_4.97Hz_0.4A\auto_1.csv,D:\OneDrive - mail.scut.edu.cn\Matlab\CDCTest\Testdata\AMP10mm_4.97Hz_0.4A\auto_1.csv,D:\OneDrive - mail.scut.edu.cn\Matlab\CDCTest\Raw_Card_Categorized_All\1_SH\SH_10mm_4.97Hz_0.4A.csv,Data430,AMP10mm_4.97Hz_0.4A,SH_A10_F4p97_I0p4,e4252683fb8b0f400858ffed1c54cc2688f50223df99527384e4792904e11320,same condition_key and sha256
D:\OneDrive - mail.scut.edu.cn\Matlab\CDCTest\Data430\AMP10mm_4.97Hz_0.6A\auto_1.csv,D:\OneDrive - mail.scut.edu.cn\Matlab\CDCTest\Testdata\AMP10mm_4.97Hz_0.6A\auto_1.csv,D:\OneDrive - mail.scut.edu.cn\Matlab\CDCTest\Raw_Card_Categorized_All\1_SH\SH_10mm_4.97Hz_0.6A.csv,Data430,AMP10mm_4.97Hz_0.6A,SH_A10_F4p97_I0p6,d7ea07185d3b10e652e30afe13b99c470861d05695ec0978ed382dc711afc53b,same condition_key and sha256
D:\OneDrive - mail.scut.edu.cn\Matlab\CDCTest\Data430\AMP10mm_4.97Hz_0.8A\auto_1.csv,D:\OneDrive - mail.scut.edu.cn\Matlab\CDCTest\Testdata\AMP10mm_4.97Hz_0.8A\auto_1.csv,D:\OneDrive - mail.scut.edu.cn\Matlab\CDCTest\Raw_Card_Categorized_All\1_SH\SH_10mm_4.97Hz_0.8A.csv,Data430,AMP10mm_4.97Hz_0.8A,SH_A10_F4p97_I0p8,eba4e7d58edff735e0e56394138c73758303001a55360e42e1c6abc0851cd907,same condition_key and sha256
D:\OneDrive - mail.scut.edu.cn\Matlab\CDCTest\Data430\AMP10mm_4.97Hz_1.0A\auto_1.csv,D:\OneDrive - mail.scut.edu.cn\Matlab\CDCTest\Testdata\AMP10mm_4.97Hz_1.0A\auto_1.csv,D:\OneDrive - mail.scut.edu.cn\Matlab\CDCTest\Raw_Card_Categorized_All\1_SH\SH_10mm_4.97Hz_1A.csv,Data430,AMP10mm_4.97Hz_1.0A,SH_A10_F4p97_I1,38f34f47f9b0edc1321769f62246ebba8b1508e5a0866a3a5b0aefac5b3d1313,same condition_key and sha256
D:\OneDrive - mail.scut.edu.cn\Matlab\CDCTest\Data430\AMP10mm_4.97Hz_1.2A\auto_1.csv,D:\OneDrive - mail.scut.edu.cn\Matlab\CDCTest\Testdata\AMP10mm_4.97Hz_1.2A\auto_1.csv,D:\OneDrive - mail.scut.edu.cn\Matlab\CDCTest\Raw_Card_Categorized_All\1_SH\SH_10mm_4.97Hz_1.2A.csv,Data430,AMP10mm_4.97Hz_1.2A,SH_A10_F4p97_I1p2,590ca5b3b6052d417ab69a9f06c30d854926efd5c05b2cc2b4976300aa762d6e,same condition_key and sha256
D:\OneDrive - mail.scut.edu.cn\Matlab\CDCTest\Data430\AMP10mm_4.97Hz_1.4A\auto_1.csv,D:\OneDrive - mail.scut.edu.cn\Matlab\CDCTest\Testdata\AMP10mm_4.97Hz_1.4A\auto_1.csv,D:\OneDrive - mail.scut.edu.cn\Matlab\CDCTest\Raw_Card_Categorized_All\1_SH\SH_10mm_4.97Hz_1.4A.csv,Data430,AMP10mm_4.97Hz_1.4A,SH_A10_F4p97_I1p4,199ac3a89244a1bff38391f94f1f5a7ae766200e1f2fb1a5d9d0be763c719742,same condition_key and sha256
D:\OneDrive - mail.scut.edu.cn\Matlab\CDCTest\Data430\AMP10mm_6.62Hz_0.0A\auto_1.csv,D:\OneDrive - mail.scut.edu.cn\Matlab\CDCTest\Testdata\AMP10mm_6.62Hz_0.0A\auto_1.csv,D:\OneDrive - mail.scut.edu.cn\Matlab\CDCTest\Raw_Card_Categorized_All\1_SH\SH_10mm_6.62Hz_0A_r1.csv,Data430,AMP10mm_6.62Hz_0.0A,SH_A10_F6p62_I0,c2d97aa96d9ed94841f8b1eb6d81fe04556dfcf23ac0311d4932f95677e8c269,same condition_key and sha256
D:\OneDrive - mail.scut.edu.cn\Matlab\CDCTest\Data430\AMP10mm_6.62Hz_0.2A\auto_1.csv,D:\OneDrive - mail.scut.edu.cn\Matlab\CDCTest\Testdata\AMP10mm_6.62Hz_0.2A\auto_1.csv,D:\OneDrive - mail.scut.edu.cn\Matlab\CDCTest\Raw_Card_Categorized_All\1_SH\SH_10mm_6.62Hz_0.2A_r1.csv,Data430,AMP10mm_6.62Hz_0.2A,SH_A10_F6p62_I0p2,bf55a8acfab48a3e2c1d1a9aafc6a78d7576eccce24c6668c5838a041befed88,same condition_key and sha256
D:\OneDrive - mail.scut.edu.cn\Matlab\CDCTest\Data430\AMP10mm_6.62Hz_0.4A\auto_1.csv,D:\OneDrive - mail.scut.edu.cn\Matlab\CDCTest\Testdata\AMP10mm_6.62Hz_0.4A\auto_1.csv,D:\OneDrive - mail.scut.edu.cn\Matlab\CDCTest\Raw_Card_Categorized_All\1_SH\SH_10mm_6.62Hz_0.4A_r1.csv,Data430,AMP10mm_6.62Hz_0.4A,SH_A10_F6p62_I0p4,0598070380fdcdae83096aee7e87f631ae40af186c42ffa079b135779194e2b3,same condition_key and sha256
D:\OneDrive - mail.scut.edu.cn\Matlab\CDCTest\Data430\AMP10mm_6.62Hz_0.6A\auto_1.csv,D:\OneDrive - mail.scut.edu.cn\Matlab\CDCTest\Testdata\AMP10mm_6.62Hz_0.6A\auto_1.csv,D:\OneDrive - mail.scut.edu.cn\Matlab\CDCTest\Raw_Card_Categorized_All\1_SH\SH_10mm_6.62Hz_0.6A_r1.csv,Data430,AMP10mm_6.62Hz_0.6A,SH_A10_F6p62_I0p6,99286705488d055a797aee677eb5706a075f082a3efb6b215092eed48572fe24,same condition_key and sha256
D:\OneDrive - mail.scut.edu.cn\Matlab\CDCTest\Data430\AMP10mm_6.62Hz_0.8A\auto_1.csv,D:\OneDrive - mail.scut.edu.cn\Matlab\CDCTest\Testdata\AMP10mm_6.62Hz_0.8A\auto_1.csv,D:\OneDrive - mail.scut.edu.cn\Matlab\CDCTest\Raw_Card_Categorized_All\1_SH\SH_10mm_6.62Hz_0.8A_r1.csv,Data430,AMP10mm_6.62Hz_0.8A,SH_A10_F6p62_I0p8,8f506bc9ee8cab54ba3bd131e81634cf1ec6999464a985255fef950e4449e960,same condition_key and sha256
D:\OneDrive - mail.scut.edu.cn\Matlab\CDCTest\Data430\AMP10mm_6.62Hz_1.0A\auto_1.csv,D:\OneDrive - mail.scut.edu.cn\Matlab\CDCTest\Testdata\AMP10mm_6.62Hz_1.0A\auto_1.csv,D:\OneDrive - mail.scut.edu.cn\Matlab\CDCTest\Raw_Card_Categorized_All\1_SH\SH_10mm_6.62Hz_1A_r1.csv,Data430,AMP10mm_6.62Hz_1.0A,SH_A10_F6p62_I1,a78a68ee62c4f21a87996c23399abcec08522e1d1a6b5f73480e78a8b8e2164c,same condition_key and sha256
D:\OneDrive - mail.scut.edu.cn\Matlab\CDCTest\Data430\AMP10mm_6.62Hz_1.2A\auto_1.csv,D:\OneDrive - mail.scut.edu.cn\Matlab\CDCTest\Testdata\AMP10mm_6.62Hz_1.2A\auto_1.csv,D:\OneDrive - mail.scut.edu.cn\Matlab\CDCTest\Raw_Card_Categorized_All\1_SH\SH_10mm_6.62Hz_1.2A_r1.csv,Data430,AMP10mm_6.62Hz_1.2A,SH_A10_F6p62_I1p2,329e97d8756e70ab822fc09570ae3bb8f8989dac37e7b208bab0811266983d18,same condition_key and sha256
D:\OneDrive - mail.scut.edu.cn\Matlab\CDCTest\Data430\AMP10mm_6.62Hz_1.4A\auto_1.csv,D:\OneDrive - mail.scut.edu.cn\Matlab\CDCTest\Testdata\AMP10mm_6.62Hz_1.4A\auto_1.csv,D:\OneDrive - mail.scut.edu.cn\Matlab\CDCTest\Raw_Card_Categorized_All\1_SH\SH_10mm_6.62Hz_1.4A_r1.csv,Data430,AMP10mm_6.62Hz_1.4A,SH_A10_F6p62_I1p4,ce655718521e285f8090ae555d66a4809795f6ad6e4104456e0352b68a9daba3,same condition_key and sha256
D:\OneDrive - mail.scut.edu.cn\Matlab\CDCTest\Data430\AMP30mm_0.41Hz_0.0A\auto_1.csv,D:\OneDrive - mail.scut.edu.cn\Matlab\CDCTest\Testdata\AMP30mm_0.41Hz_0.0A\auto_1.csv,D:\OneDrive - mail.scut.edu.cn\Matlab\CDCTest\Raw_Card_Categorized_All\1_SH\SH_30mm_0.41Hz_0A_r1.csv,Data430,AMP30mm_0.41Hz_0.0A,SH_A30_F0p41_I0,d2a9ee6f0022ebda475e1968adee218133f81dbdb54c4b2a1848c7ddd9c7dc2d,same condition_key and sha256
D:\OneDrive - mail.scut.edu.cn\Matlab\CDCTest\Data430\AMP30mm_0.41Hz_0.2A\auto_1.csv,D:\OneDrive - mail.scut.edu.cn\Matlab\CDCTest\Testdata\AMP30mm_0.41Hz_0.2A\auto_1.csv,D:\OneDrive - mail.scut.edu.cn\Matlab\CDCTest\Raw_Card_Categorized_All\1_SH\SH_30mm_0.41Hz_0.2A_r1.csv,Data430,AMP30mm_0.41Hz_0.2A,SH_A30_F0p41_I0p2,c4953ca9b25913262b261263bfdc131ee1a9a0915c83412265254aa5132680ac,same condition_key and sha256
D:\OneDrive - mail.scut.edu.cn\Matlab\CDCTest\Data430\AMP30mm_0.41Hz_0.4A\auto_1.csv,D:\OneDrive - mail.scut.edu.cn\Matlab\CDCTest\Testdata\AMP30mm_0.41Hz_0.4A\auto_1.csv,D:\OneDrive - mail.scut.edu.cn\Matlab\CDCTest\Raw_Card_Categorized_All\1_SH\SH_30mm_0.41Hz_0.4A_r1.csv,Data430,AMP30mm_0.41Hz_0.4A,SH_A30_F0p41_I0p4,7a06390c215656bc60a721a502691fa1caf9a643ba0ac8351929f6d891194a8c,same condition_key and sha256
D:\OneDrive - mail.scut.edu.cn\Matlab\CDCTest\Data430\AMP30mm_0.41Hz_0.6A\auto_1.csv,D:\OneDrive - mail.scut.edu.cn\Matlab\CDCTest\Testdata\AMP30mm_0.41Hz_0.6A\auto_1.csv,D:\OneDrive - mail.scut.edu.cn\Matlab\CDCTest\Raw_Card_Categorized_All\1_SH\SH_30mm_0.41Hz_0.6A_r1.csv,Data430,AMP30mm_0.41Hz_0.6A,SH_A30_F0p41_I0p6,3ecde30aa7d448fb3cdc79047984331f530e4d0ecd76958fd8db8c373563b476,same condition_key and sha256
D:\OneDrive - mail.scut.edu.cn\Matlab\CDCTest\Data430\AMP30mm_0.41Hz_0.8A\auto_1.csv,D:\OneDrive - mail.scut.edu.cn\Matlab\CDCTest\Testdata\AMP30mm_0.41Hz_0.8A\auto_1.csv,D:\OneDrive - mail.scut.edu.cn\Matlab\CDCTest\Raw_Card_Categorized_All\1_SH\SH_30mm_0.41Hz_0.8A_r1.csv,Data430,AMP30mm_0.41Hz_0.8A,SH_A30_F0p41_I0p8,38f19fe9e0509c06c5daa0afba772a3c43681708a63b58c8456f1a6182c52c34,same condition_key and sha256
D:\OneDrive - mail.scut.edu.cn\Matlab\CDCTest\Data430\AMP30mm_0.41Hz_1.0A\auto_1.csv,D:\OneDrive - mail.scut.edu.cn\Matlab\CDCTest\Testdata\AMP30mm_0.41Hz_1.0A\auto_1.csv,D:\OneDrive - mail.scut.edu.cn\Matlab\CDCTest\Raw_Card_Categorized_All\1_SH\SH_30mm_0.41Hz_1A_r1.csv,Data430,AMP30mm_0.41Hz_1.0A,SH_A30_F0p41_I1,23d2b78594e87175cf81fc7e54fbf9846b3a99b9f6ffdb42098411357ea0cd71,same condition_key and sha256
D:\OneDrive - mail.scut.edu.cn\Matlab\CDCTest\Data430\AMP30mm_0.41Hz_1.2A\auto_1.csv,D:\OneDrive - mail.scut.edu.cn\Matlab\CDCTest\Testdata\AMP30mm_0.41Hz_1.2A\auto_1.csv,D:\OneDrive - mail.scut.edu.cn\Matlab\CDCTest\Raw_Card_Categorized_All\1_SH\SH_30mm_0.41Hz_1.2A_r1.csv,Data430,AMP30mm_0.41Hz_1.2A,SH_A30_F0p41_I1p2,c7a9a8dcba3447961b99497404246a353041149e2f6a08e8bef97d3178dbf0dd,same condition_key and sha256
D:\OneDrive - mail.scut.edu.cn\Matlab\CDCTest\Data430\AMP30mm_0.41Hz_1.4A\auto_1.csv,D:\OneDrive - mail.scut.edu.cn\Matlab\CDCTest\Testdata\AMP30mm_0.41Hz_1.4A\auto_1.csv,D:\OneDrive - mail.scut.edu.cn\Matlab\CDCTest\Raw_Card_Categorized_All\1_SH\SH_30mm_0.41Hz_1.4A_r1.csv,Data430,AMP30mm_0.41Hz_1.4A,SH_A30_F0p41_I1p4,42632fe778da090f911182190c465dc48ac1cd4b43924e8521e98df4d5de957a,same condition_key and sha256
D:\OneDrive - mail.scut.edu.cn\Matlab\CDCTest\Data430\AMP30mm_0.83Hz_0.0A\auto_1.csv,D:\OneDrive - mail.scut.edu.cn\Matlab\CDCTest\Testdata\AMP30mm_0.83Hz_0.0A\auto_1.csv,D:\OneDrive - mail.scut.edu.cn\Matlab\CDCTest\Raw_Card_Categorized_All\1_SH\SH_30mm_0.83Hz_0A_r1.csv,Data430,AMP30mm_0.83Hz_0.0A,SH_A30_F0p83_I0,8576710060e6758a374547e89ed906febf6908c0f05b89a8c14f68f9b7ca61bb,same condition_key and sha256
D:\OneDrive - mail.scut.edu.cn\Matlab\CDCTest\Data430\AMP30mm_0.83Hz_0.2A\auto_1.csv,D:\OneDrive - mail.scut.edu.cn\Matlab\CDCTest\Testdata\AMP30mm_0.83Hz_0.2A\auto_1.csv,D:\OneDrive - mail.scut.edu.cn\Matlab\CDCTest\Raw_Card_Categorized_All\1_SH\SH_30mm_0.83Hz_0.2A_r1.csv,Data430,AMP30mm_0.83Hz_0.2A,SH_A30_F0p83_I0p2,cf9562fab974dbfb4ec1247fe7ed305b063f3fd34e5de19cfd1dc3cfd9c3bdb3,same condition_key and sha256
D:\OneDrive - mail.scut.edu.cn\Matlab\CDCTest\Data430\AMP30mm_0.83Hz_0.4A\auto_1.csv,D:\OneDrive - mail.scut.edu.cn\Matlab\CDCTest\Testdata\AMP30mm_0.83Hz_0.4A\auto_1.csv,D:\OneDrive - mail.scut.edu.cn\Matlab\CDCTest\Raw_Card_Categorized_All\1_SH\SH_30mm_0.83Hz_0.4A_r1.csv,Data430,AMP30mm_0.83Hz_0.4A,SH_A30_F0p83_I0p4,3bf9f455c7fbea876965414e5f679ed0e5f4e0a2e807dee836ea8de8529687a7,same condition_key and sha256
D:\OneDrive - mail.scut.edu.cn\Matlab\CDCTest\Data430\AMP30mm_0.83Hz_0.6A\auto_1.csv,D:\OneDrive - mail.scut.edu.cn\Matlab\CDCTest\Testdata\AMP30mm_0.83Hz_0.6A\auto_1.csv,D:\OneDrive - mail.scut.edu.cn\Matlab\CDCTest\Raw_Card_Categorized_All\1_SH\SH_30mm_0.83Hz_0.6A_r1.csv,Data430,AMP30mm_0.83Hz_0.6A,SH_A30_F0p83_I0p6,675c6d4b1d73e07c752d652113d7b0d3bf95afebf99f9116d916017d6b532131,same condition_key and sha256
D:\OneDrive - mail.scut.edu.cn\Matlab\CDCTest\Data430\AMP30mm_0.83Hz_0.8A\auto_1.csv,D:\OneDrive - mail.scut.edu.cn\Matlab\CDCTest\Testdata\AMP30mm_0.83Hz_0.8A\auto_1.csv,D:\OneDrive - mail.scut.edu.cn\Matlab\CDCTest\Raw_Card_Categorized_All\1_SH\SH_30mm_0.83Hz_0.8A_r1.csv,Data430,AMP30mm_0.83Hz_0.8A,SH_A30_F0p83_I0p8,43e588526e6e5d01ce5e61c180eda4ed029d3860c84b17347208d3b1b34d56f2,same condition_key and sha256
D:\OneDrive - mail.scut.edu.cn\Matlab\CDCTest\Data430\AMP30mm_0.83Hz_1.0A\auto_1.csv,D:\OneDrive - mail.scut.edu.cn\Matlab\CDCTest\Testdata\AMP30mm_0.83Hz_1.0A\auto_1.csv,D:\OneDrive - mail.scut.edu.cn\Matlab\CDCTest\Raw_Card_Categorized_All\1_SH\SH_30mm_0.83Hz_1A_r1.csv,Data430,AMP30mm_0.83Hz_1.0A,SH_A30_F0p83_I1,17f1ce86bb0dc23a186d9d533d882bb6a8995b5a95e59e911d7eb4dd070b3849,same condition_key and sha256
D:\OneDrive - mail.scut.edu.cn\Matlab\CDCTest\Data430\AMP30mm_0.83Hz_1.2A\auto_1.csv,D:\OneDrive - mail.scut.edu.cn\Matlab\CDCTest\Testdata\AMP30mm_0.83Hz_1.2A\auto_1.csv,D:\OneDrive - mail.scut.edu.cn\Matlab\CDCTest\Raw_Card_Categorized_All\1_SH\SH_30mm_0.83Hz_1.2A_r1.csv,Data430,AMP30mm_0.83Hz_1.2A,SH_A30_F0p83_I1p2,db6a555016a62ec5a5c7774d385bafc5ca446378edbb4e3e5be40d509d54c59d,same condition_key and sha256
D:\OneDrive - mail.scut.edu.cn\Matlab\CDCTest\Data430\AMP30mm_0.83Hz_1.4A\auto_1.csv,D:\OneDrive - mail.scut.edu.cn\Matlab\CDCTest\Testdata\AMP30mm_0.83Hz_1.4A\auto_1.csv,D:\OneDrive - mail.scut.edu.cn\Matlab\CDCTest\Raw_Card_Categorized_All\1_SH\SH_30mm_0.83Hz_1.4A_r1.csv,Data430,AMP30mm_0.83Hz_1.4A,SH_A30_F0p83_I1p4,314a0a062bc9c613734698f68d21ce9edc8cc0844ec9227ebcd27d10658b9057,same condition_key and sha256
D:\OneDrive - mail.scut.edu.cn\Matlab\CDCTest\Data430\AMP30mm_1.66Hz_0.0A\auto_1.csv,D:\OneDrive - mail.scut.edu.cn\Matlab\CDCTest\Testdata\AMP30mm_1.66Hz_0.0A\auto_1.csv,D:\OneDrive - mail.scut.edu.cn\Matlab\CDCTest\Raw_Card_Categorized_All\1_SH\SH_30mm_1.66Hz_0A_r1.csv,Data430,AMP30mm_1.66Hz_0.0A,SH_A30_F1p66_I0,f3c78e677d49163db54bf040b06a369041f36fcfaad4d593a22949960c9d978f,same condition_key and sha256
D:\OneDrive - mail.scut.edu.cn\Matlab\CDCTest\Data430\AMP30mm_1.66Hz_0.2A\auto_1.csv,D:\OneDrive - mail.scut.edu.cn\Matlab\CDCTest\Testdata\AMP30mm_1.66Hz_0.2A\auto_1.csv,D:\OneDrive - mail.scut.edu.cn\Matlab\CDCTest\Raw_Card_Categorized_All\1_SH\SH_30mm_1.66Hz_0.2A_r1.csv,Data430,AMP30mm_1.66Hz_0.2A,SH_A30_F1p66_I0p2,18637f178faa696163062e831c0a9ad04d6b779e594e18bdb767c0508a2a6488,same condition_key and sha256
D:\OneDrive - mail.scut.edu.cn\Matlab\CDCTest\Data430\AMP30mm_1.66Hz_0.4A\auto_1.csv,D:\OneDrive - mail.scut.edu.cn\Matlab\CDCTest\Testdata\AMP30mm_1.66Hz_0.4A\auto_1.csv,D:\OneDrive - mail.scut.edu.cn\Matlab\CDCTest\Raw_Card_Categorized_All\1_SH\SH_30mm_1.66Hz_0.4A_r1.csv,Data430,AMP30mm_1.66Hz_0.4A,SH_A30_F1p66_I0p4,4750883927814e9f00747ddc2a4d85283e05e58e33e853e8577e7974646ad93b,same condition_key and sha256
D:\OneDrive - mail.scut.edu.cn\Matlab\CDCTest\Data430\AMP30mm_1.66Hz_0.6A\auto_1.csv,D:\OneDrive - mail.scut.edu.cn\Matlab\CDCTest\Testdata\AMP30mm_1.66Hz_0.6A\auto_1.csv,D:\OneDrive - mail.scut.edu.cn\Matlab\CDCTest\Raw_Card_Categorized_All\1_SH\SH_30mm_1.66Hz_0.6A_r1.csv,Data430,AMP30mm_1.66Hz_0.6A,SH_A30_F1p66_I0p6,9641bbc80f172a54151eff83b03bc564513c6f71629ca6db3b45b020a477effa,same condition_key and sha256
D:\OneDrive - mail.scut.edu.cn\Matlab\CDCTest\Data430\AMP30mm_1.66Hz_0.8A\auto_1.csv,D:\OneDrive - mail.scut.edu.cn\Matlab\CDCTest\Testdata\AMP30mm_1.66Hz_0.8A\auto_1.csv,D:\OneDrive - mail.scut.edu.cn\Matlab\CDCTest\Raw_Card_Categorized_All\1_SH\SH_30mm_1.66Hz_0.8A_r1.csv,Data430,AMP30mm_1.66Hz_0.8A,SH_A30_F1p66_I0p8,1c030ebf32301b9f39e6d713ec25d9177b553ab361e883640055f8e79453fa93,same condition_key and sha256
D:\OneDrive - mail.scut.edu.cn\Matlab\CDCTest\Data430\AMP30mm_1.66Hz_1.0A\auto_1.csv,D:\OneDrive - mail.scut.edu.cn\Matlab\CDCTest\Testdata\AMP30mm_1.66Hz_1.0A\auto_1.csv,D:\OneDrive - mail.scut.edu.cn\Matlab\CDCTest\Raw_Card_Categorized_All\1_SH\SH_30mm_1.66Hz_1A_r1.csv,Data430,AMP30mm_1.66Hz_1.0A,SH_A30_F1p66_I1,0bec35df5615d222690ed3cbb7c654909ccc92e8d0c71a6005b613f0c931cb19,same condition_key and sha256
D:\OneDrive - mail.scut.edu.cn\Matlab\CDCTest\Data430\AMP30mm_1.66Hz_1.2A\auto_1.csv,D:\OneDrive - mail.scut.edu.cn\Matlab\CDCTest\Testdata\AMP30mm_1.66Hz_1.2A\auto_1.csv,D:\OneDrive - mail.scut.edu.cn\Matlab\CDCTest\Raw_Card_Categorized_All\1_SH\SH_30mm_1.66Hz_1.2A_r1.csv,Data430,AMP30mm_1.66Hz_1.2A,SH_A30_F1p66_I1p2,ddf0c5d09e08670bd7b37ab7a5835d5432b337594de559e8e304410d5873b07f,same condition_key and sha256
D:\OneDrive - mail.scut.edu.cn\Matlab\CDCTest\Data430\AMP30mm_1.66Hz_1.4A\auto_1.csv,D:\OneDrive - mail.scut.edu.cn\Matlab\CDCTest\Testdata\AMP30mm_1.66Hz_1.4A\auto_1.csv,D:\OneDrive - mail.scut.edu.cn\Matlab\CDCTest\Raw_Card_Categorized_All\1_SH\SH_30mm_1.66Hz_1.4A_r1.csv,Data430,AMP30mm_1.66Hz_1.4A,SH_A30_F1p66_I1p4,8765988a87ab46ded07e29163124263569719ab7fc14db6159cbcd011448bf23,same condition_key and sha256
D:\OneDrive - mail.scut.edu.cn\Matlab\CDCTest\Data430\AMP50mm_0.41Hz_0.0A\auto_1.csv,D:\OneDrive - mail.scut.edu.cn\Matlab\CDCTest\Testdata\AMP50mm_0.41Hz_0.0A\auto_1.csv,D:\OneDrive - mail.scut.edu.cn\Matlab\CDCTest\Raw_Card_Categorized_All\1_SH\SH_50mm_0.41Hz_0A_r1.csv,Data430,AMP50mm_0.41Hz_0.0A,SH_A50_F0p41_I0,2af61d296191ee42f1b579701e63099831393310df50c58c1f49e3ea76c58728,same condition_key and sha256
D:\OneDrive - mail.scut.edu.cn\Matlab\CDCTest\Data430\AMP50mm_0.41Hz_0.2A\auto_1.csv,D:\OneDrive - mail.scut.edu.cn\Matlab\CDCTest\Testdata\AMP50mm_0.41Hz_0.2A\auto_1.csv,D:\OneDrive - mail.scut.edu.cn\Matlab\CDCTest\Raw_Card_Categorized_All\1_SH\SH_50mm_0.41Hz_0.2A_r1.csv,Data430,AMP50mm_0.41Hz_0.2A,SH_A50_F0p41_I0p2,3588e47835719939f4b1d162531bc53c48b6658443cfb89aedd10a23a297689d,same condition_key and sha256
D:\OneDrive - mail.scut.edu.cn\Matlab\CDCTest\Data430\AMP50mm_0.41Hz_0.4A\auto_1.csv,D:\OneDrive - mail.scut.edu.cn\Matlab\CDCTest\Testdata\AMP50mm_0.41Hz_0.4A\auto_1.csv,D:\OneDrive - mail.scut.edu.cn\Matlab\CDCTest\Raw_Card_Categorized_All\1_SH\SH_50mm_0.41Hz_0.4A_r1.csv,Data430,AMP50mm_0.41Hz_0.4A,SH_A50_F0p41_I0p4,3175af2dd864edb975057a06d62bd195bffe614fa1b0c3b0be09400143f0de35,same condition_key and sha256
D:\OneDrive - mail.scut.edu.cn\Matlab\CDCTest\Data430\AMP50mm_0.41Hz_0.6A\auto_1.csv,D:\OneDrive - mail.scut.edu.cn\Matlab\CDCTest\Testdata\AMP50mm_0.41Hz_0.6A\auto_1.csv,D:\OneDrive - mail.scut.edu.cn\Matlab\CDCTest\Raw_Card_Categorized_All\1_SH\SH_50mm_0.41Hz_0.6A_r1.csv,Data430,AMP50mm_0.41Hz_0.6A,SH_A50_F0p41_I0p6,84f452670d43767e490858ab77161188c31b8b31cddc77c2b4af9ad49b571e24,same condition_key and sha256
D:\OneDrive - mail.scut.edu.cn\Matlab\CDCTest\Data430\AMP50mm_0.41Hz_0.8A\auto_1.csv,D:\OneDrive - mail.scut.edu.cn\Matlab\CDCTest\Testdata\AMP50mm_0.41Hz_0.8A\auto_1.csv,D:\OneDrive - mail.scut.edu.cn\Matlab\CDCTest\Raw_Card_Categorized_All\1_SH\SH_50mm_0.41Hz_0.8A_r1.csv,Data430,AMP50mm_0.41Hz_0.8A,SH_A50_F0p41_I0p8,7b72c2e7d7d68fa4faf26214433973d535722ad1c245da4fe89749a1fc5200ae,same condition_key and sha256
D:\OneDrive - mail.scut.edu.cn\Matlab\CDCTest\Data430\AMP50mm_0.41Hz_1.0A\auto_1.csv,D:\OneDrive - mail.scut.edu.cn\Matlab\CDCTest\Testdata\AMP50mm_0.41Hz_1.0A\auto_1.csv,D:\OneDrive - mail.scut.edu.cn\Matlab\CDCTest\Raw_Card_Categorized_All\1_SH\SH_50mm_0.41Hz_1A_r1.csv,Data430,AMP50mm_0.41Hz_1.0A,SH_A50_F0p41_I1,602e736c3d0c761e9c1943c15d96a58dc6b8671c403f6e9a2979613cf3480a9a,same condition_key and sha256
D:\OneDrive - mail.scut.edu.cn\Matlab\CDCTest\Data430\AMP50mm_0.41Hz_1.2A\auto_1.csv,D:\OneDrive - mail.scut.edu.cn\Matlab\CDCTest\Testdata\AMP50mm_0.41Hz_1.2A\auto_1.csv,D:\OneDrive - mail.scut.edu.cn\Matlab\CDCTest\Raw_Card_Categorized_All\1_SH\SH_50mm_0.41Hz_1.2A_r1.csv,Data430,AMP50mm_0.41Hz_1.2A,SH_A50_F0p41_I1p2,bb35cc15760a66160712554ada57c27e2ca103fd6c277766165db9c631767b56,same condition_key and sha256
D:\OneDrive - mail.scut.edu.cn\Matlab\CDCTest\Data430\AMP50mm_0.41Hz_1.4A\auto_1.csv,D:\OneDrive - mail.scut.edu.cn\Matlab\CDCTest\Testdata\AMP50mm_0.41Hz_1.4A\auto_1.csv,D:\OneDrive - mail.scut.edu.cn\Matlab\CDCTest\Raw_Card_Categorized_All\1_SH\SH_50mm_0.41Hz_1.4A_r1.csv,Data430,AMP50mm_0.41Hz_1.4A,SH_A50_F0p41_I1p4,5cada2d91d83b65d9cf9735ff37de13645a81478d6ec950992b18ffe33787845,same condition_key and sha256
D:\OneDrive - mail.scut.edu.cn\Matlab\CDCTest\Data430\AMP50mm_0.83Hz_0.0A\auto_1.csv,D:\OneDrive - mail.scut.edu.cn\Matlab\CDCTest\Testdata\AMP50mm_0.83Hz_0.0A\auto_1.csv,D:\OneDrive - mail.scut.edu.cn\Matlab\CDCTest\Raw_Card_Categorized_All\1_SH\SH_50mm_0.83Hz_0A_r1.csv,Data430,AMP50mm_0.83Hz_0.0A,SH_A50_F0p83_I0,99c011a53649b3db19a5481d8841df0e0b0fabb6cb654de68361274cd04b41e1,same condition_key and sha256
D:\OneDrive - mail.scut.edu.cn\Matlab\CDCTest\Data430\AMP50mm_0.83Hz_0.2A\auto_1.csv,D:\OneDrive - mail.scut.edu.cn\Matlab\CDCTest\Testdata\AMP50mm_0.83Hz_0.2A\auto_1.csv,D:\OneDrive - mail.scut.edu.cn\Matlab\CDCTest\Raw_Card_Categorized_All\1_SH\SH_50mm_0.83Hz_0.2A_r1.csv,Data430,AMP50mm_0.83Hz_0.2A,SH_A50_F0p83_I0p2,3f865d7e6a4af0bacbbe45456904847dbc982a27ae270feb93fac5b39c5bf40a,same condition_key and sha256
D:\OneDrive - mail.scut.edu.cn\Matlab\CDCTest\Data430\AMP50mm_0.83Hz_0.4A\auto_1.csv,D:\OneDrive - mail.scut.edu.cn\Matlab\CDCTest\Testdata\AMP50mm_0.83Hz_0.4A\auto_1.csv,D:\OneDrive - mail.scut.edu.cn\Matlab\CDCTest\Raw_Card_Categorized_All\1_SH\SH_50mm_0.83Hz_0.4A_r1.csv,Data430,AMP50mm_0.83Hz_0.4A,SH_A50_F0p83_I0p4,b7f4d68b8ee3d818966a2dbfebd0c19861d3bb38b6edf10645298c63df99e295,same condition_key and sha256
D:\OneDrive - mail.scut.edu.cn\Matlab\CDCTest\Data430\AMP50mm_0.83Hz_0.6A\auto_1.csv,D:\OneDrive - mail.scut.edu.cn\Matlab\CDCTest\Testdata\AMP50mm_0.83Hz_0.6A\auto_1.csv,D:\OneDrive - mail.scut.edu.cn\Matlab\CDCTest\Raw_Card_Categorized_All\1_SH\SH_50mm_0.83Hz_0.6A_r1.csv,Data430,AMP50mm_0.83Hz_0.6A,SH_A50_F0p83_I0p6,f99ab012ae5ae9068a7e955a30e83808cfb061061400b392260dd096e22a191b,same condition_key and sha256
D:\OneDrive - mail.scut.edu.cn\Matlab\CDCTest\Data430\AMP50mm_0.83Hz_0.8A\auto_1.csv,D:\OneDrive - mail.scut.edu.cn\Matlab\CDCTest\Testdata\AMP50mm_0.83Hz_0.8A\auto_1.csv,D:\OneDrive - mail.scut.edu.cn\Matlab\CDCTest\Raw_Card_Categorized_All\1_SH\SH_50mm_0.83Hz_0.8A_r1.csv,Data430,AMP50mm_0.83Hz_0.8A,SH_A50_F0p83_I0p8,6d6096c3b06d8a6e094076e703e8fb79d8168bc3a7b02b0531c5503924ca50f5,same condition_key and sha256
D:\OneDrive - mail.scut.edu.cn\Matlab\CDCTest\Data430\AMP50mm_0.83Hz_1.0A\auto_1.csv,D:\OneDrive - mail.scut.edu.cn\Matlab\CDCTest\Testdata\AMP50mm_0.83Hz_1.0A\auto_1.csv,D:\OneDrive - mail.scut.edu.cn\Matlab\CDCTest\Raw_Card_Categorized_All\1_SH\SH_50mm_0.83Hz_1A_r1.csv,Data430,AMP50mm_0.83Hz_1.0A,SH_A50_F0p83_I1,c62e34e6c35bbe1ac751b33d117b3a41aa475399b515dda68e7d6f13f96c5449,same condition_key and sha256
D:\OneDrive - mail.scut.edu.cn\Matlab\CDCTest\Data430\AMP50mm_0.83Hz_1.2A\auto_1.csv,D:\OneDrive - mail.scut.edu.cn\Matlab\CDCTest\Testdata\AMP50mm_0.83Hz_1.2A\auto_1.csv,D:\OneDrive - mail.scut.edu.cn\Matlab\CDCTest\Raw_Card_Categorized_All\1_SH\SH_50mm_0.83Hz_1.2A_r1.csv,Data430,AMP50mm_0.83Hz_1.2A,SH_A50_F0p83_I1p2,d056842bcb92a5f5ce9a8718c43c653772430d623944487f2305fbfea2ff91c7,same condition_key and sha256
D:\OneDrive - mail.scut.edu.cn\Matlab\CDCTest\Data430\AMP50mm_0.83Hz_1.4A\auto_1.csv,D:\OneDrive - mail.scut.edu.cn\Matlab\CDCTest\Testdata\AMP50mm_0.83Hz_1.4A\auto_1.csv,D:\OneDrive - mail.scut.edu.cn\Matlab\CDCTest\Raw_Card_Categorized_All\1_SH\SH_50mm_0.83Hz_1.4A_r1.csv,Data430,AMP50mm_0.83Hz_1.4A,SH_A50_F0p83_I1p4,0b3a1d821f459a8b3b112a577c3da028fa6db14a61def4b4587da589e79e391f,same condition_key and sha256
D:\OneDrive - mail.scut.edu.cn\Matlab\CDCTest\Data430\AMP50mm_1.66Hz_0.0A\auto_1.csv,D:\OneDrive - mail.scut.edu.cn\Matlab\CDCTest\Testdata\AMP50mm_1.66Hz_0.0A\auto_1.csv,D:\OneDrive - mail.scut.edu.cn\Matlab\CDCTest\Raw_Card_Categorized_All\1_SH\SH_50mm_1.66Hz_0A_r1.csv,Data430,AMP50mm_1.66Hz_0.0A,SH_A50_F1p66_I0,a2ca49ad2ddbc420623cf1e0b2a2d015a376f4b2152f151709a4773ce0550c65,same condition_key and sha256
D:\OneDrive - mail.scut.edu.cn\Matlab\CDCTest\Data430\AMP50mm_1.66Hz_0.2A\auto_1.csv,D:\OneDrive - mail.scut.edu.cn\Matlab\CDCTest\Testdata\AMP50mm_1.66Hz_0.2A\auto_1.csv,D:\OneDrive - mail.scut.edu.cn\Matlab\CDCTest\Raw_Card_Categorized_All\1_SH\SH_50mm_1.66Hz_0.2A_r1.csv,Data430,AMP50mm_1.66Hz_0.2A,SH_A50_F1p66_I0p2,1d82c8fc5ac2826c1286392fc4fe529977687e50e80c64feb6018761c7d75293,same condition_key and sha256
D:\OneDrive - mail.scut.edu.cn\Matlab\CDCTest\Data430\AMP50mm_1.66Hz_0.4A\auto_1.csv,D:\OneDrive - mail.scut.edu.cn\Matlab\CDCTest\Testdata\AMP50mm_1.66Hz_0.4A\auto_1.csv,D:\OneDrive - mail.scut.edu.cn\Matlab\CDCTest\Raw_Card_Categorized_All\1_SH\SH_50mm_1.66Hz_0.4A_r1.csv,Data430,AMP50mm_1.66Hz_0.4A,SH_A50_F1p66_I0p4,e23721f3073e27fe79bacd68d2d5027489ea680c09c5d532c654cdac2216e0ef,same condition_key and sha256
D:\OneDrive - mail.scut.edu.cn\Matlab\CDCTest\Data430\AMP50mm_1.66Hz_0.6A\auto_1.csv,D:\OneDrive - mail.scut.edu.cn\Matlab\CDCTest\Testdata\AMP50mm_1.66Hz_0.6A\auto_1.csv,D:\OneDrive - mail.scut.edu.cn\Matlab\CDCTest\Raw_Card_Categorized_All\1_SH\SH_50mm_1.66Hz_0.6A_r1.csv,Data430,AMP50mm_1.66Hz_0.6A,SH_A50_F1p66_I0p6,a66ca3defc41ac8d08a19b9e31ebb9e9cef0c899446fbde624926ae23129cef1,same condition_key and sha256
D:\OneDrive - mail.scut.edu.cn\Matlab\CDCTest\Data430\AMP50mm_1.66Hz_0.8A\auto_1.csv,D:\OneDrive - mail.scut.edu.cn\Matlab\CDCTest\Testdata\AMP50mm_1.66Hz_0.8A\auto_1.csv,D:\OneDrive - mail.scut.edu.cn\Matlab\CDCTest\Raw_Card_Categorized_All\1_SH\SH_50mm_1.66Hz_0.8A_r1.csv,Data430,AMP50mm_1.66Hz_0.8A,SH_A50_F1p66_I0p8,374a1d52963911c4a2d37812856a7abeabb53f72563b588043589e9e665ff44c,same condition_key and sha256
D:\OneDrive - mail.scut.edu.cn\Matlab\CDCTest\Data430\AMP50mm_1.66Hz_1.0A\auto_1.csv,D:\OneDrive - mail.scut.edu.cn\Matlab\CDCTest\Testdata\AMP50mm_1.66Hz_1.0A\auto_1.csv,D:\OneDrive - mail.scut.edu.cn\Matlab\CDCTest\Raw_Card_Categorized_All\1_SH\SH_50mm_1.66Hz_1A_r1.csv,Data430,AMP50mm_1.66Hz_1.0A,SH_A50_F1p66_I1,7bda59ee9322c9b47ba4fe4f3e53920fbcf6cf8f97a6b85e87455bc72c7d4faa,same condition_key and sha256
D:\OneDrive - mail.scut.edu.cn\Matlab\CDCTest\Data430\AMP50mm_1.66Hz_1.2A\auto_1.csv,D:\OneDrive - mail.scut.edu.cn\Matlab\CDCTest\Testdata\AMP50mm_1.66Hz_1.2A\auto_1.csv,D:\OneDrive - mail.scut.edu.cn\Matlab\CDCTest\Raw_Card_Categorized_All\1_SH\SH_50mm_1.66Hz_1.2A_r1.csv,Data430,AMP50mm_1.66Hz_1.2A,SH_A50_F1p66_I1p2,9a31910336bd5a4269e85dd8cbd9ce9af468ccfcd6db726d6fa98b32f55ce9b9,same condition_key and sha256
D:\OneDrive - mail.scut.edu.cn\Matlab\CDCTest\Data430\AMP50mm_1.66Hz_1.4A\auto_1.csv,D:\OneDrive - mail.scut.edu.cn\Matlab\CDCTest\Testdata\AMP50mm_1.66Hz_1.4A\auto_1.csv,D:\OneDrive - mail.scut.edu.cn\Matlab\CDCTest\Raw_Card_Categorized_All\1_SH\SH_50mm_1.66Hz_1.4A_r1.csv,Data430,AMP50mm_1.66Hz_1.4A,SH_A50_F1p66_I1p4,d316e6780374e3203d7e6b4b6338c88e17adc717bb6ab085b2d28316b60b0ea7,same condition_key and sha256
D:\OneDrive - mail.scut.edu.cn\Matlab\CDCTest\Data430\AMP5mm_1.66Hz_0.0A\auto_1.csv,D:\OneDrive - mail.scut.edu.cn\Matlab\CDCTest\Testdata\AMP5mm_1.66Hz_0.0A\auto_1.csv,D:\OneDrive - mail.scut.edu.cn\Matlab\CDCTest\Raw_Card_Categorized_All\1_SH\SH_5mm_1.66Hz_0A.csv,Data430,AMP5mm_1.66Hz_0.0A,SH_A5_F1p66_I0,09dea6f96c0f562cc6d671a89845832add77bb8e907dc09d6944ff3fb42d4e70,same condition_key and sha256
D:\OneDrive - mail.scut.edu.cn\Matlab\CDCTest\Data430\AMP5mm_1.66Hz_0.2A\auto_1.csv,D:\OneDrive - mail.scut.edu.cn\Matlab\CDCTest\Testdata\AMP5mm_1.66Hz_0.2A\auto_1.csv,D:\OneDrive - mail.scut.edu.cn\Matlab\CDCTest\Raw_Card_Categorized_All\1_SH\SH_5mm_1.66Hz_0.2A.csv,Data430,AMP5mm_1.66Hz_0.2A,SH_A5_F1p66_I0p2,8afca65df786b68ff06278e4adadad1c523fbf58bd4db27b66cad7cc8d3981df,same condition_key and sha256
D:\OneDrive - mail.scut.edu.cn\Matlab\CDCTest\Data430\AMP5mm_1.66Hz_0.4A\auto_1.csv,D:\OneDrive - mail.scut.edu.cn\Matlab\CDCTest\Testdata\AMP5mm_1.66Hz_0.4A\auto_1.csv,D:\OneDrive - mail.scut.edu.cn\Matlab\CDCTest\Raw_Card_Categorized_All\1_SH\SH_5mm_1.66Hz_0.4A.csv,Data430,AMP5mm_1.66Hz_0.4A,SH_A5_F1p66_I0p4,d108bba874d87cad311b44d6e4fc6da03d202ad68b6acecde661b0baa1945430,same condition_key and sha256
D:\OneDrive - mail.scut.edu.cn\Matlab\CDCTest\Data430\AMP5mm_1.66Hz_0.6A\auto_1.csv,D:\OneDrive - mail.scut.edu.cn\Matlab\CDCTest\Testdata\AMP5mm_1.66Hz_0.6A\auto_1.csv,D:\OneDrive - mail.scut.edu.cn\Matlab\CDCTest\Raw_Card_Categorized_All\1_SH\SH_5mm_1.66Hz_0.6A.csv,Data430,AMP5mm_1.66Hz_0.6A,SH_A5_F1p66_I0p6,7a1427a947db7ffab0b56cf464a6a9766647ec3735a0a06e1dbc18727395ee02,same condition_key and sha256
D:\OneDrive - mail.scut.edu.cn\Matlab\CDCTest\Data430\AMP5mm_1.66Hz_0.8A\auto_1.csv,D:\OneDrive - mail.scut.edu.cn\Matlab\CDCTest\Testdata\AMP5mm_1.66Hz_0.8A\auto_1.csv,D:\OneDrive - mail.scut.edu.cn\Matlab\CDCTest\Raw_Card_Categorized_All\1_SH\SH_5mm_1.66Hz_0.8A.csv,Data430,AMP5mm_1.66Hz_0.8A,SH_A5_F1p66_I0p8,ad612e3ffb3176c8a9e0f7adf6755d0b986dff2de1ca843aec38335b1bcc61c3,same condition_key and sha256
D:\OneDrive - mail.scut.edu.cn\Matlab\CDCTest\Data430\AMP5mm_1.66Hz_1.0A\auto_1.csv,D:\OneDrive - mail.scut.edu.cn\Matlab\CDCTest\Testdata\AMP5mm_1.66Hz_1.0A\auto_1.csv,D:\OneDrive - mail.scut.edu.cn\Matlab\CDCTest\Raw_Card_Categorized_All\1_SH\SH_5mm_1.66Hz_1A.csv,Data430,AMP5mm_1.66Hz_1.0A,SH_A5_F1p66_I1,5e310156bdfb404dbdf6452fbc37b460c40c6be581375a865642e86eaa040511,same condition_key and sha256
D:\OneDrive - mail.scut.edu.cn\Matlab\CDCTest\Data430\AMP5mm_1.66Hz_1.2A\auto_1.csv,D:\OneDrive - mail.scut.edu.cn\Matlab\CDCTest\Testdata\AMP5mm_1.66Hz_1.2A\auto_1.csv,D:\OneDrive - mail.scut.edu.cn\Matlab\CDCTest\Raw_Card_Categorized_All\1_SH\SH_5mm_1.66Hz_1.2A.csv,Data430,AMP5mm_1.66Hz_1.2A,SH_A5_F1p66_I1p2,be328063a32c85eb1d304dfd89c8598ede3728f69df987894e1c98576e7f0708,same condition_key and sha256
D:\OneDrive - mail.scut.edu.cn\Matlab\CDCTest\Data430\AMP5mm_1.66Hz_1.4A\auto_1.csv,D:\OneDrive - mail.scut.edu.cn\Matlab\CDCTest\Testdata\AMP5mm_1.66Hz_1.4A\auto_1.csv,D:\OneDrive - mail.scut.edu.cn\Matlab\CDCTest\Raw_Card_Categorized_All\1_SH\SH_5mm_1.66Hz_1.4A.csv,Data430,AMP5mm_1.66Hz_1.4A,SH_A5_F1p66_I1p4,3e497dea3e6098ee28c13a075662cf63d927ea109b6be2bc21b014824e514bf6,same condition_key and sha256
D:\OneDrive - mail.scut.edu.cn\Matlab\CDCTest\Data430\AMP5mm_4.97Hz_0.0A\auto_1.csv,D:\OneDrive - mail.scut.edu.cn\Matlab\CDCTest\Testdata\AMP5mm_4.97Hz_0.0A\auto_1.csv,D:\OneDrive - mail.scut.edu.cn\Matlab\CDCTest\Raw_Card_Categorized_All\1_SH\SH_5mm_4.97Hz_0A.csv,Data430,AMP5mm_4.97Hz_0.0A,SH_A5_F4p97_I0,f01ad2b897f6964b680da4d49354e1a2bfdc22fae1d63df0f5506ea1d22bc2d6,same condition_key and sha256
D:\OneDrive - mail.scut.edu.cn\Matlab\CDCTest\Data430\AMP5mm_4.97Hz_0.2A\auto_1.csv,D:\OneDrive - mail.scut.edu.cn\Matlab\CDCTest\Testdata\AMP5mm_4.97Hz_0.2A\auto_1.csv,D:\OneDrive - mail.scut.edu.cn\Matlab\CDCTest\Raw_Card_Categorized_All\1_SH\SH_5mm_4.97Hz_0.2A.csv,Data430,AMP5mm_4.97Hz_0.2A,SH_A5_F4p97_I0p2,5c570f5b6c4b47b7a722b4c1171a69bda0b40f80c81d8f7e11f6411ce6904fe0,same condition_key and sha256
D:\OneDrive - mail.scut.edu.cn\Matlab\CDCTest\Data430\AMP5mm_4.97Hz_0.4A\auto_1.csv,D:\OneDrive - mail.scut.edu.cn\Matlab\CDCTest\Testdata\AMP5mm_4.97Hz_0.4A\auto_1.csv,D:\OneDrive - mail.scut.edu.cn\Matlab\CDCTest\Raw_Card_Categorized_All\1_SH\SH_5mm_4.97Hz_0.4A.csv,Data430,AMP5mm_4.97Hz_0.4A,SH_A5_F4p97_I0p4,27e35d89bc0d8e86ad3de55c929bb611d0206655e3ae090f6ef62564fe0488c1,same condition_key and sha256
D:\OneDrive - mail.scut.edu.cn\Matlab\CDCTest\Data430\AMP5mm_4.97Hz_0.6A\auto_1.csv,D:\OneDrive - mail.scut.edu.cn\Matlab\CDCTest\Testdata\AMP5mm_4.97Hz_0.6A\auto_1.csv,D:\OneDrive - mail.scut.edu.cn\Matlab\CDCTest\Raw_Card_Categorized_All\1_SH\SH_5mm_4.97Hz_0.6A.csv,Data430,AMP5mm_4.97Hz_0.6A,SH_A5_F4p97_I0p6,f95b014d1db4fab7ab8e7fb6bb282267df598e3a4cf1635812ba405f302e9d96,same condition_key and sha256
D:\OneDrive - mail.scut.edu.cn\Matlab\CDCTest\Data430\AMP5mm_4.97Hz_0.8A\auto_1.csv,D:\OneDrive - mail.scut.edu.cn\Matlab\CDCTest\Testdata\AMP5mm_4.97Hz_0.8A\auto_1.csv,D:\OneDrive - mail.scut.edu.cn\Matlab\CDCTest\Raw_Card_Categorized_All\1_SH\SH_5mm_4.97Hz_0.8A.csv,Data430,AMP5mm_4.97Hz_0.8A,SH_A5_F4p97_I0p8,fc6023a67bd2a46178f259a1055a2960b1c2e4d07b37bde0e5c904fc12575a7c,same condition_key and sha256
D:\OneDrive - mail.scut.edu.cn\Matlab\CDCTest\Data430\AMP5mm_4.97Hz_1.0A\auto_1.csv,D:\OneDrive - mail.scut.edu.cn\Matlab\CDCTest\Testdata\AMP5mm_4.97Hz_1.0A\auto_1.csv,D:\OneDrive - mail.scut.edu.cn\Matlab\CDCTest\Raw_Card_Categorized_All\1_SH\SH_5mm_4.97Hz_1A.csv,Data430,AMP5mm_4.97Hz_1.0A,SH_A5_F4p97_I1,5c6ea1751f13825f2f130e4a775b28f91b18b081f407f48e742447acae86180a,same condition_key and sha256
D:\OneDrive - mail.scut.edu.cn\Matlab\CDCTest\Data430\AMP5mm_4.97Hz_1.2A\auto_1.csv,D:\OneDrive - mail.scut.edu.cn\Matlab\CDCTest\Testdata\AMP5mm_4.97Hz_1.2A\auto_1.csv,D:\OneDrive - mail.scut.edu.cn\Matlab\CDCTest\Raw_Card_Categorized_All\1_SH\SH_5mm_4.97Hz_1.2A.csv,Data430,AMP5mm_4.97Hz_1.2A,SH_A5_F4p97_I1p2,836b5ab0c924307d9a9fa98a53611ec5e802b4422c14bd50af163a9554482422,same condition_key and sha256
D:\OneDrive - mail.scut.edu.cn\Matlab\CDCTest\Data430\AMP5mm_4.97Hz_1.4A\auto_1.csv,D:\OneDrive - mail.scut.edu.cn\Matlab\CDCTest\Testdata\AMP5mm_4.97Hz_1.4A\auto_1.csv,D:\OneDrive - mail.scut.edu.cn\Matlab\CDCTest\Raw_Card_Categorized_All\1_SH\SH_5mm_4.97Hz_1.4A.csv,Data430,AMP5mm_4.97Hz_1.4A,SH_A5_F4p97_I1p4,14bb878210a9e7ef52ce68f0c4889aeb5b9a13295a3c2d13a2d86260c0140f81,same condition_key and sha256
D:\OneDrive - mail.scut.edu.cn\Matlab\CDCTest\Data430\AMP5mm_6.62Hz_0.0A\auto_1.csv,D:\OneDrive - mail.scut.edu.cn\Matlab\CDCTest\Testdata\AMP5mm_6.62Hz_0.0A\auto_1.csv,D:\OneDrive - mail.scut.edu.cn\Matlab\CDCTest\Raw_Card_Categorized_All\1_SH\SH_5mm_6.62Hz_0A_r1.csv,Data430,AMP5mm_6.62Hz_0.0A,SH_A5_F6p62_I0,7a74d0c710ccdae3c869e82e30a7e4f90b17099fe5d67130f20adc9d494057a2,same condition_key and sha256
D:\OneDrive - mail.scut.edu.cn\Matlab\CDCTest\Data430\AMP5mm_6.62Hz_0.2A\auto_1.csv,D:\OneDrive - mail.scut.edu.cn\Matlab\CDCTest\Testdata\AMP5mm_6.62Hz_0.2A\auto_1.csv,D:\OneDrive - mail.scut.edu.cn\Matlab\CDCTest\Raw_Card_Categorized_All\1_SH\SH_5mm_6.62Hz_0.2A_r1.csv,Data430,AMP5mm_6.62Hz_0.2A,SH_A5_F6p62_I0p2,a8448aebfea821ba4db4358d013fe0d86b4233dca2f5588f1f85155be03e9188,same condition_key and sha256
D:\OneDrive - mail.scut.edu.cn\Matlab\CDCTest\Data430\AMP5mm_6.62Hz_0.4A\auto_1.csv,D:\OneDrive - mail.scut.edu.cn\Matlab\CDCTest\Testdata\AMP5mm_6.62Hz_0.4A\auto_1.csv,D:\OneDrive - mail.scut.edu.cn\Matlab\CDCTest\Raw_Card_Categorized_All\1_SH\SH_5mm_6.62Hz_0.4A_r1.csv,Data430,AMP5mm_6.62Hz_0.4A,SH_A5_F6p62_I0p4,7fa034a4c7468354273d274389c2dc809eb5e06aee298c5941aba7a863ed94ae,same condition_key and sha256
D:\OneDrive - mail.scut.edu.cn\Matlab\CDCTest\Data430\AMP5mm_6.62Hz_0.6A\auto_1.csv,D:\OneDrive - mail.scut.edu.cn\Matlab\CDCTest\Testdata\AMP5mm_6.62Hz_0.6A\auto_1.csv,D:\OneDrive - mail.scut.edu.cn\Matlab\CDCTest\Raw_Card_Categorized_All\1_SH\SH_5mm_6.62Hz_0.6A_r1.csv,Data430,AMP5mm_6.62Hz_0.6A,SH_A5_F6p62_I0p6,4350a9b86b21ce77a9c2b2e704af2253b177d132411f72a38e5cfb976b7c1e49,same condition_key and sha256
D:\OneDrive - mail.scut.edu.cn\Matlab\CDCTest\Data430\AMP5mm_6.62Hz_0.8A\auto_1.csv,D:\OneDrive - mail.scut.edu.cn\Matlab\CDCTest\Testdata\AMP5mm_6.62Hz_0.8A\auto_1.csv,D:\OneDrive - mail.scut.edu.cn\Matlab\CDCTest\Raw_Card_Categorized_All\1_SH\SH_5mm_6.62Hz_0.8A_r1.csv,Data430,AMP5mm_6.62Hz_0.8A,SH_A5_F6p62_I0p8,00246df7164912a28a8f5fb3e046fdd3dee54d25cb9d76887e2a77bf5e19d3eb,same condition_key and sha256
D:\OneDrive - mail.scut.edu.cn\Matlab\CDCTest\Data430\AMP5mm_6.62Hz_1.0A\auto_1.csv,D:\OneDrive - mail.scut.edu.cn\Matlab\CDCTest\Testdata\AMP5mm_6.62Hz_1.0A\auto_1.csv,D:\OneDrive - mail.scut.edu.cn\Matlab\CDCTest\Raw_Card_Categorized_All\1_SH\SH_5mm_6.62Hz_1A_r1.csv,Data430,AMP5mm_6.62Hz_1.0A,SH_A5_F6p62_I1,fd323f895ee31c32f06c89cbe4a27126266bc9d29a9a5e3d0062d0708d3f85a7,same condition_key and sha256
D:\OneDrive - mail.scut.edu.cn\Matlab\CDCTest\Data430\AMP5mm_6.62Hz_1.2A\auto_1.csv,D:\OneDrive - mail.scut.edu.cn\Matlab\CDCTest\Testdata\AMP5mm_6.62Hz_1.2A\auto_1.csv,D:\OneDrive - mail.scut.edu.cn\Matlab\CDCTest\Raw_Card_Categorized_All\1_SH\SH_5mm_6.62Hz_1.2A_r1.csv,Data430,AMP5mm_6.62Hz_1.2A,SH_A5_F6p62_I1p2,5872ab9e7fcaf2d564486d1dbfbaf5f908dd601ca24db88d49dd3d93de3ccfcc,same condition_key and sha256
D:\OneDrive - mail.scut.edu.cn\Matlab\CDCTest\Data430\AMP5mm_6.62Hz_1.4A\auto_1.csv,D:\OneDrive - mail.scut.edu.cn\Matlab\CDCTest\Testdata\AMP5mm_6.62Hz_1.4A\auto_1.csv,D:\OneDrive - mail.scut.edu.cn\Matlab\CDCTest\Raw_Card_Categorized_All\1_SH\SH_5mm_6.62Hz_1.4A_r1.csv,Data430,AMP5mm_6.62Hz_1.4A,SH_A5_F6p62_I1p4,a68842c228490076c3b80047ead5d6e5f5902fdcb71081947a9363b8f785d0f5,same condition_key and sha256
D:\OneDrive - mail.scut.edu.cn\Matlab\CDCTest\Testdata - 副本\RMS10_1.66Hz_0.0A\auto_1.csv,D:\OneDrive - mail.scut.edu.cn\Matlab\CDCTest\Testdata\RMS10_1.66Hz_0.0A\auto_1.csv,D:\OneDrive - mail.scut.edu.cn\Matlab\CDCTest\Raw_Card_Categorized_All\2_SR\SR_RMS10mm_1.66Hz_0A.csv,TestdataLegacyCopy,RMS10_1.66Hz_0.0A,SR_RMS10_F1p66_I0,c7b2610e5a1df397bd4b49d2cebbe0d86f2e480c8b7561a07cda69bab67aa58f,same condition_key and sha256
D:\OneDrive - mail.scut.edu.cn\Matlab\CDCTest\Testdata - 副本\RMS10_4.97Hz_0.0A\auto_1.csv,D:\OneDrive - mail.scut.edu.cn\Matlab\CDCTest\Testdata\RMS10_4.97Hz_0.0A\auto_1.csv,D:\OneDrive - mail.scut.edu.cn\Matlab\CDCTest\Raw_Card_Categorized_All\2_SR\SR_RMS10mm_4.97Hz_0A.csv,TestdataLegacyCopy,RMS10_4.97Hz_0.0A,SR_RMS10_F4p97_I0,135c9534a3abcd1345e56b7ccdeeca0363284cc02ee615673285b2dce3d50e1a,same condition_key and sha256
D:\OneDrive - mail.scut.edu.cn\Matlab\CDCTest\Testdata - 副本\RMS10_4.97Hz_0.2A\auto_1.csv,D:\OneDrive - mail.scut.edu.cn\Matlab\CDCTest\Testdata\RMS10_4.97Hz_0.2A\auto_1.csv,D:\OneDrive - mail.scut.edu.cn\Matlab\CDCTest\Raw_Card_Categorized_All\2_SR\SR_RMS10mm_4.97Hz_0.2A.csv,TestdataLegacyCopy,RMS10_4.97Hz_0.2A,SR_RMS10_F4p97_I0p2,561f20800a111f475c03f2724ea96041d267ca4c542335d409b3e41ec564bfe7,same condition_key and sha256
D:\OneDrive - mail.scut.edu.cn\Matlab\CDCTest\Testdata - 副本\RMS10_4.97Hz_0.4A\auto_1.csv,D:\OneDrive - mail.scut.edu.cn\Matlab\CDCTest\Testdata\RMS10_4.97Hz_0.4A\auto_1.csv,D:\OneDrive - mail.scut.edu.cn\Matlab\CDCTest\Raw_Card_Categorized_All\2_SR\SR_RMS10mm_4.97Hz_0.4A.csv,TestdataLegacyCopy,RMS10_4.97Hz_0.4A,SR_RMS10_F4p97_I0p4,a7bd06f40e49ef7d5e50d9c49e9d448d6ae6b0a0d43ba681531347e495548b64,same condition_key and sha256
D:\OneDrive - mail.scut.edu.cn\Matlab\CDCTest\Testdata - 副本\RMS10_4.97Hz_0.6A\auto_1.csv,D:\OneDrive - mail.scut.edu.cn\Matlab\CDCTest\Testdata\RMS10_4.97Hz_0.6A\auto_1.csv,D:\OneDrive - mail.scut.edu.cn\Matlab\CDCTest\Raw_Card_Categorized_All\2_SR\SR_RMS10mm_4.97Hz_0.6A.csv,TestdataLegacyCopy,RMS10_4.97Hz_0.6A,SR_RMS10_F4p97_I0p6,b7b2a4df362dd130652b83f2d98a5817300569ca82e923d4d5d62add42dabd35,same condition_key and sha256
D:\OneDrive - mail.scut.edu.cn\Matlab\CDCTest\Testdata - 副本\RMS10_4.97Hz_0.8A\auto_1.csv,D:\OneDrive - mail.scut.edu.cn\Matlab\CDCTest\Testdata\RMS10_4.97Hz_0.8A\auto_1.csv,D:\OneDrive - mail.scut.edu.cn\Matlab\CDCTest\Raw_Card_Categorized_All\2_SR\SR_RMS10mm_4.97Hz_0.8A.csv,TestdataLegacyCopy,RMS10_4.97Hz_0.8A,SR_RMS10_F4p97_I0p8,139ac138ea97deaf0928f44fab751f8175a3c0cdaf7dc4a4664e95711d829a1e,same condition_key and sha256
D:\OneDrive - mail.scut.edu.cn\Matlab\CDCTest\Testdata - 副本\RMS16.67_1.66Hz_0.4A\auto_1.csv,D:\OneDrive - mail.scut.edu.cn\Matlab\CDCTest\Testdata\RMS16.67_1.66Hz_0.4A\auto_1.csv,D:\OneDrive - mail.scut.edu.cn\Matlab\CDCTest\Raw_Card_Categorized_All\2_SR\SR_RMS16.67mm_1.66Hz_0.4A.csv,TestdataLegacyCopy,RMS16.67_1.66Hz_0.4A,SR_RMS16p67_F1p66_I0p4,92b27f08145ef4b78276217bac97cb1a1aa0f31c1c318bcaa3e8b91fbe856306,same condition_key and sha256
D:\OneDrive - mail.scut.edu.cn\Matlab\CDCTest\Testdata - 副本\RMS16.67_3.3Hz_0.4A\auto_1.csv,D:\OneDrive - mail.scut.edu.cn\Matlab\CDCTest\Testdata\RMS16.67_3.3Hz_0.4A\auto_1.csv,D:\OneDrive - mail.scut.edu.cn\Matlab\CDCTest\Raw_Card_Categorized_All\2_SR\SR_RMS16.67mm_3.3Hz_0.4A.csv,TestdataLegacyCopy,RMS16.67_3.3Hz_0.4A,SR_RMS16p67_F3p3_I0p4,e7c0d096c991a9400d2ee25454fd9f436072201b93ef7fe0281fdb0dfffb7151,same condition_key and sha256
D:\OneDrive - mail.scut.edu.cn\Matlab\CDCTest\Testdata - 副本\RMS1.67_4.97Hz_0.0A\auto_1.csv,D:\OneDrive - mail.scut.edu.cn\Matlab\CDCTest\Testdata\RMS1.67_4.97Hz_0.0A\auto_1.csv,D:\OneDrive - mail.scut.edu.cn\Matlab\CDCTest\Raw_Card_Categorized_All\2_SR\SR_RMS1.67mm_4.97Hz_0A.csv,TestdataLegacyCopy,RMS1.67_4.97Hz_0.0A,SR_RMS1p67_F4p97_I0,ca33266d6ecb38123325e7a326a8c9f5a9dbe61119c435f9e79a1cd278f45304,same condition_key and sha256
D:\OneDrive - mail.scut.edu.cn\Matlab\CDCTest\Testdata - 副本\RMS1.67_4.97Hz_0.2A\auto_1.csv,D:\OneDrive - mail.scut.edu.cn\Matlab\CDCTest\Testdata\RMS1.67_4.97Hz_0.2A\auto_1.csv,D:\OneDrive - mail.scut.edu.cn\Matlab\CDCTest\Raw_Card_Categorized_All\2_SR\SR_RMS1.67mm_4.97Hz_0.2A.csv,TestdataLegacyCopy,RMS1.67_4.97Hz_0.2A,SR_RMS1p67_F4p97_I0p2,8f3816f4de730e8f3c2219450ae9afdaa0aa6b9f695de64821d2cec22d39cf67,same condition_key and sha256
D:\OneDrive - mail.scut.edu.cn\Matlab\CDCTest\Testdata - 副本\RMS1.67_4.97Hz_0.4A\auto_1.csv,D:\OneDrive - mail.scut.edu.cn\Matlab\CDCTest\Testdata\RMS1.67_4.97Hz_0.4A\auto_1.csv,D:\OneDrive - mail.scut.edu.cn\Matlab\CDCTest\Raw_Card_Categorized_All\2_SR\SR_RMS1.67mm_4.97Hz_0.4A.csv,TestdataLegacyCopy,RMS1.67_4.97Hz_0.4A,SR_RMS1p67_F4p97_I0p4,66b2468a9d75bdd0596cbd010d1e67e7a53b45b380ddb0be2f50663851c1bf64,same condition_key and sha256
D:\OneDrive - mail.scut.edu.cn\Matlab\CDCTest\Testdata - 副本\RMS1.67_4.97Hz_0.6A\auto_1.csv,D:\OneDrive - mail.scut.edu.cn\Matlab\CDCTest\Testdata\RMS1.67_4.97Hz_0.6A\auto_1.csv,D:\OneDrive - mail.scut.edu.cn\Matlab\CDCTest\Raw_Card_Categorized_All\2_SR\SR_RMS1.67mm_4.97Hz_0.6A.csv,TestdataLegacyCopy,RMS1.67_4.97Hz_0.6A,SR_RMS1p67_F4p97_I0p6,aa25b91a4f158a6ad8851c1b3cb02a848b80093503a3335d3c6d371acdc492d4,same condition_key and sha256
D:\OneDrive - mail.scut.edu.cn\Matlab\CDCTest\Testdata - 副本\RMS1.67_4.97Hz_0.8A\auto_1.csv,D:\OneDrive - mail.scut.edu.cn\Matlab\CDCTest\Testdata\RMS1.67_4.97Hz_0.8A\auto_1.csv,D:\OneDrive - mail.scut.edu.cn\Matlab\CDCTest\Raw_Card_Categorized_All\2_SR\SR_RMS1.67mm_4.97Hz_0.8A.csv,TestdataLegacyCopy,RMS1.67_4.97Hz_0.8A,SR_RMS1p67_F4p97_I0p8,59a7ecd748f2b4d7859e12794ff4b902fe8f96e3dc86502aa35d5247f7a3694a,same condition_key and sha256
D:\OneDrive - mail.scut.edu.cn\Matlab\CDCTest\Testdata - 副本\RMS1.67_4.97Hz_1.0A\auto_1.csv,D:\OneDrive - mail.scut.edu.cn\Matlab\CDCTest\Testdata\RMS1.67_4.97Hz_1.0A\auto_1.csv,D:\OneDrive - mail.scut.edu.cn\Matlab\CDCTest\Raw_Card_Categorized_All\2_SR\SR_RMS1.67mm_4.97Hz_1A.csv,TestdataLegacyCopy,RMS1.67_4.97Hz_1.0A,SR_RMS1p67_F4p97_I1,09c9e3829eea15ec468106ce48fd47b12f548b1973a9157537186ee6a0a4b5af,same condition_key and sha256
D:\OneDrive - mail.scut.edu.cn\Matlab\CDCTest\Testdata - 副本\RMS1.67_4.97Hz_1.2A\auto_1.csv,D:\OneDrive - mail.scut.edu.cn\Matlab\CDCTest\Testdata\RMS1.67_4.97Hz_1.2A\auto_1.csv,D:\OneDrive - mail.scut.edu.cn\Matlab\CDCTest\Raw_Card_Categorized_All\2_SR\SR_RMS1.67mm_4.97Hz_1.2A.csv,TestdataLegacyCopy,RMS1.67_4.97Hz_1.2A,SR_RMS1p67_F4p97_I1p2,5ff9147f380a040b8645bf182dec86bff268df01513ed0e0f32676cc75a26faf,same condition_key and sha256
D:\OneDrive - mail.scut.edu.cn\Matlab\CDCTest\Testdata - 副本\RMS1.67_4.97Hz_1.4A\auto_1.csv,D:\OneDrive - mail.scut.edu.cn\Matlab\CDCTest\Testdata\RMS1.67_4.97Hz_1.4A\auto_1.csv,D:\OneDrive - mail.scut.edu.cn\Matlab\CDCTest\Raw_Card_Categorized_All\2_SR\SR_RMS1.67mm_4.97Hz_1.4A.csv,TestdataLegacyCopy,RMS1.67_4.97Hz_1.4A,SR_RMS1p67_F4p97_I1p4,e8d6cc03329f97390d7557c2153e4bcb1e32b0c66f91956168d46297d4ff68b9,same condition_key and sha256
D:\OneDrive - mail.scut.edu.cn\Matlab\CDCTest\Testdata - 副本\RMS1.67_4.97Hz_1.6A\auto_1.csv,D:\OneDrive - mail.scut.edu.cn\Matlab\CDCTest\Testdata\RMS1.67_4.97Hz_1.6A\auto_1.csv,D:\OneDrive - mail.scut.edu.cn\Matlab\CDCTest\Raw_Card_Categorized_All\2_SR\SR_RMS1.67mm_4.97Hz_1.6A.csv,TestdataLegacyCopy,RMS1.67_4.97Hz_1.6A,SR_RMS1p67_F4p97_I1p6,e1162f7faa7efb3b57b3c5fd8b2eaebcf3b2ff9083f197415113f255f8ef1d72,same condition_key and sha256
D:\OneDrive - mail.scut.edu.cn\Matlab\CDCTest\Testdata - 副本\RMS3.33_6.62Hz_0.8A\auto_1.csv,D:\OneDrive - mail.scut.edu.cn\Matlab\CDCTest\Testdata\RMS3.33_6.62Hz_0.8A\auto_1.csv,D:\OneDrive - mail.scut.edu.cn\Matlab\CDCTest\Raw_Card_Categorized_All\2_SR\SR_RMS3.33mm_6.62Hz_0.8A.csv,TestdataLegacyCopy,RMS3.33_6.62Hz_0.8A,SR_RMS3p33_F6p62_I0p8,c7d0d59333213eedbb2d2103237f408b4f3759c09e6045adda9db9bc563984d0,same condition_key and sha256
D:\OneDrive - mail.scut.edu.cn\Matlab\CDCTest\standard430\AMP10mm_Vel0.05\auto_1.csv,D:\OneDrive - mail.scut.edu.cn\Matlab\CDCTest\Testdata\AMP10mm_Vel0.05\auto_1.csv,D:\OneDrive - mail.scut.edu.cn\Matlab\CDCTest\Raw_Card_Categorized_All\5_ST\ST_10mm_Vel0.05.csv,standard430,AMP10mm_Vel0.05,ST_A10_V0p05,4486642d26d69929f84570fea892ebf888ba1469d47944001e5e17b3a3f4c609,same condition_key and sha256
D:\OneDrive - mail.scut.edu.cn\Matlab\CDCTest\standard430\AMP10mm_Vel0.13\auto_1.csv,D:\OneDrive - mail.scut.edu.cn\Matlab\CDCTest\Testdata\AMP10mm_Vel0.13\auto_1.csv,D:\OneDrive - mail.scut.edu.cn\Matlab\CDCTest\Raw_Card_Categorized_All\5_ST\ST_10mm_Vel0.13.csv,standard430,AMP10mm_Vel0.13,ST_A10_V0p13,ebe1c98bd69f6c1ec0f5ee4e3a636c81dbd7481d39e2b06b7dafaefbdb70416b,same condition_key and sha256
D:\OneDrive - mail.scut.edu.cn\Matlab\CDCTest\standard430\AMP10mm_Vel0.26\auto_1.csv,D:\OneDrive - mail.scut.edu.cn\Matlab\CDCTest\Testdata\AMP10mm_Vel0.26\auto_1.csv,D:\OneDrive - mail.scut.edu.cn\Matlab\CDCTest\Raw_Card_Categorized_All\5_ST\ST_10mm_Vel0.26.csv,standard430,AMP10mm_Vel0.26,ST_A10_V0p26,63cecf5cfba5ca6fa5fb2a72a93f065d40464da190e2400f1aedd9cd81b8fff2,same condition_key and sha256
D:\OneDrive - mail.scut.edu.cn\Matlab\CDCTest\standard430\AMP30mm_Vel0.05\auto_1.csv,D:\OneDrive - mail.scut.edu.cn\Matlab\CDCTest\Testdata\AMP30mm_Vel0.05\auto_1.csv,D:\OneDrive - mail.scut.edu.cn\Matlab\CDCTest\Raw_Card_Categorized_All\5_ST\ST_30mm_Vel0.05.csv,standard430,AMP30mm_Vel0.05,ST_A30_V0p05,bf1fcceb2e9a0e0d7b192c0e1c096b61a5679c971f75fcdbbea5181e5ef118f1,same condition_key and sha256
D:\OneDrive - mail.scut.edu.cn\Matlab\CDCTest\standard430\AMP30mm_Vel0.13\auto_1.csv,D:\OneDrive - mail.scut.edu.cn\Matlab\CDCTest\Testdata\AMP30mm_Vel0.13\auto_1.csv,D:\OneDrive - mail.scut.edu.cn\Matlab\CDCTest\Raw_Card_Categorized_All\5_ST\ST_30mm_Vel0.13.csv,standard430,AMP30mm_Vel0.13,ST_A30_V0p13,d9c2de6311cf71659b985476af45b0714042eae7f9a61d19469fe75faf31a4ea,same condition_key and sha256
D:\OneDrive - mail.scut.edu.cn\Matlab\CDCTest\standard430\AMP30mm_Vel0.26\auto_1.csv,D:\OneDrive - mail.scut.edu.cn\Matlab\CDCTest\Testdata\AMP30mm_Vel0.26\auto_1.csv,D:\OneDrive - mail.scut.edu.cn\Matlab\CDCTest\Raw_Card_Categorized_All\5_ST\ST_30mm_Vel0.26.csv,standard430,AMP30mm_Vel0.26,ST_A30_V0p26,436f7e16c05630ce7194a761c7335133346668aba46ace70894c42161f56e41f,same condition_key and sha256
D:\OneDrive - mail.scut.edu.cn\Matlab\CDCTest\standard430\AMP50mm_Vel0.13\auto_1.csv,D:\OneDrive - mail.scut.edu.cn\Matlab\CDCTest\Testdata\AMP50mm_Vel0.13\auto_1.csv,D:\OneDrive - mail.scut.edu.cn\Matlab\CDCTest\Raw_Card_Categorized_All\5_ST\ST_50mm_Vel0.13.csv,standard430,AMP50mm_Vel0.13,ST_A50_V0p13,69e038fe2ec6fb563aa72287f2f6cd8ce2a88b7340cf25fa17ca54a86ceb1d20,same condition_key and sha256
D:\OneDrive - mail.scut.edu.cn\Matlab\CDCTest\standard430\AMP50mm_Vel0.26\auto_1.csv,D:\OneDrive - mail.scut.edu.cn\Matlab\CDCTest\Testdata\AMP50mm_Vel0.26\auto_1.csv,D:\OneDrive - mail.scut.edu.cn\Matlab\CDCTest\Raw_Card_Categorized_All\5_ST\ST_50mm_Vel0.26.csv,standard430,AMP50mm_Vel0.26,ST_A50_V0p26,fea8d9e35f978f435c326baf89aa8e82367cf3efa5aca60adbcb42e48ec2acf4,same condition_key and sha256
D:\OneDrive - mail.scut.edu.cn\Matlab\CDCTest\standard430\AMP5mm_Vel0.13\auto_1.csv,D:\OneDrive - mail.scut.edu.cn\Matlab\CDCTest\Testdata\AMP5mm_Vel0.13\auto_1.csv,D:\OneDrive - mail.scut.edu.cn\Matlab\CDCTest\Raw_Card_Categorized_All\5_ST\ST_5mm_Vel0.13.csv,standard430,AMP5mm_Vel0.13,ST_A5_V0p13,4e37f28078f85ed024321f26aee1ff3b641c02198c212b2aa0e6d4db06ace3c9,same condition_key and sha256
