condition_key,retained_count,source_path,output_path,source_root,source_folder,sha256
RLF_RMS10_F2,2,D:\OneDrive - mail.scut.edu.cn\Matlab\CDCTest\Testdata\RMS10mm_2Hz\auto_1.csv,D:\OneDrive - mail.scut.edu.cn\Matlab\CDCTest\Raw_Card_Categorized_All\4_RLF\RLF_RMS10mm_2Hz_r1.csv,Testdata,RMS10mm_2Hz,797978b62f3b2f9a634b0e731d52c7e792b5620c6f735732050683f1e24a855d
RLF_RMS10_F2,2,D:\OneDrive - mail.scut.edu.cn\Matlab\CDCTest\Testdata - 副本\RMS10mm_2Hz\auto_1.csv,D:\OneDrive - mail.scut.edu.cn\Matlab\CDCTest\Raw_Card_Categorized_All\4_RLF\RLF_RMS10mm_2Hz_r2.csv,TestdataLegacyCopy,RMS10mm_2Hz,c8c323ba60259a658b8285df120dc7e15717de2e9312a318088bbeabe2873450
RLF_RMS18_F3,2,D:\OneDrive - mail.scut.edu.cn\Matlab\CDCTest\Testdata\RMS18mm_3Hz\auto_1.csv,D:\OneDrive - mail.scut.edu.cn\Matlab\CDCTest\Raw_Card_Categorized_All\4_RLF\RLF_RMS18mm_3Hz_r1.csv,Testdata,RMS18mm_3Hz,6b28c001d11b7ae79b570612ff12a35322f042c7faeed806d183c6bfa86c07c1
RLF_RMS18_F3,2,D:\OneDrive - mail.scut.edu.cn\Matlab\CDCTest\Random430\RMS18mm_3Hz\auto_1.csv,D:\OneDrive - mail.scut.edu.cn\Matlab\CDCTest\Raw_Card_Categorized_All\4_RLF\RLF_RMS18mm_3Hz_r2.csv,Random430,RMS18mm_3Hz,d98843defaad353291770eb4ae1c06bd3f01e20af04b4360bacd0dee03dba4e2
SH_A10_F1p66_I0,2,D:\OneDrive - mail.scut.edu.cn\Matlab\CDCTest\Testdata\AMP10mm_1.66Hz_0.0A\auto_1.csv,D:\OneDrive - mail.scut.edu.cn\Matlab\CDCTest\Raw_Card_Categorized_All\1_SH\SH_10mm_1.66Hz_0A_r1.csv,Testdata,AMP10mm_1.66Hz_0.0A,11bc7653cf4700f9657a5334499038207e8503e0dee2c1ddb69cfa497b1c05dc
SH_A10_F1p66_I0,2,D:\OneDrive - mail.scut.edu.cn\Matlab\CDCTest\Testdata - 副本\AMP10mm_1.66Hz_0.0A\auto_1.csv,D:\OneDrive - mail.scut.edu.cn\Matlab\CDCTest\Raw_Card_Categorized_All\1_SH\SH_10mm_1.66Hz_0A_r2.csv,TestdataLegacyCopy,AMP10mm_1.66Hz_0.0A,4dd90b01bbc513a2131e6db52a3a03ec860c25031fc491d4350f074886e7255f
SH_A10_F1p66_I0p2,2,D:\OneDrive - mail.scut.edu.cn\Matlab\CDCTest\Testdata\AMP10mm_1.66Hz_0.2A\auto_1.csv,D:\OneDrive - mail.scut.edu.cn\Matlab\CDCTest\Raw_Card_Categorized_All\1_SH\SH_10mm_1.66Hz_0.2A_r1.csv,Testdata,AMP10mm_1.66Hz_0.2A,25c35c2b9d1d8fb4a86fb64ef6425dd7f7cdfc0bd891c2f419641629154d498d
SH_A10_F1p66_I0p2,2,D:\OneDrive - mail.scut.edu.cn\Matlab\CDCTest\Testdata - 副本\AMP10mm_1.66Hz_0.2A\auto_1.csv,D:\OneDrive - mail.scut.edu.cn\Matlab\CDCTest\Raw_Card_Categorized_All\1_SH\SH_10mm_1.66Hz_0.2A_r2.csv,TestdataLegacyCopy,AMP10mm_1.66Hz_0.2A,7ba8a5dc15478bddb96e0722f93cea5aec12466958473f0e71338ab565518f54
SH_A10_F1p66_I0p4,2,D:\OneDrive - mail.scut.edu.cn\Matlab\CDCTest\Testdata\AMP10mm_1.66Hz_0.4A\auto_1.csv,D:\OneDrive - mail.scut.edu.cn\Matlab\CDCTest\Raw_Card_Categorized_All\1_SH\SH_10mm_1.66Hz_0.4A_r1.csv,Testdata,AMP10mm_1.66Hz_0.4A,d0e89bda98fe9f7c33b0bfdd1161df6781257a70aee9646c2c482e07052cf9e7
SH_A10_F1p66_I0p4,2,D:\OneDrive - mail.scut.edu.cn\Matlab\CDCTest\Testdata - 副本\AMP10mm_1.66Hz_0.4A\auto_1.csv,D:\OneDrive - mail.scut.edu.cn\Matlab\CDCTest\Raw_Card_Categorized_All\1_SH\SH_10mm_1.66Hz_0.4A_r2.csv,TestdataLegacyCopy,AMP10mm_1.66Hz_0.4A,edbbbe63187769a2ea8198b0ed4ffc6694c6c332d0ee6097f21465bb6e7f1a8a
SH_A10_F1p66_I0p6,2,D:\OneDrive - mail.scut.edu.cn\Matlab\CDCTest\Testdata\AMP10mm_1.66Hz_0.6A\auto_1.csv,D:\OneDrive - mail.scut.edu.cn\Matlab\CDCTest\Raw_Card_Categorized_All\1_SH\SH_10mm_1.66Hz_0.6A_r1.csv,Testdata,AMP10mm_1.66Hz_0.6A,c6aeba58082b1e39afeaef84bad24141832170ecd21783d2be3e6aad39233884
SH_A10_F1p66_I0p6,2,D:\OneDrive - mail.scut.edu.cn\Matlab\CDCTest\Testdata - 副本\AMP10mm_1.66Hz_0.6A\auto_1.csv,D:\OneDrive - mail.scut.edu.cn\Matlab\CDCTest\Raw_Card_Categorized_All\1_SH\SH_10mm_1.66Hz_0.6A_r2.csv,TestdataLegacyCopy,AMP10mm_1.66Hz_0.6A,0d4e26f1823db617ce28d9e90c71bc512dd336954bede108242f226970ab09d8
SH_A10_F1p66_I0p8,2,D:\OneDrive - mail.scut.edu.cn\Matlab\CDCTest\Testdata\AMP10mm_1.66Hz_0.8A\auto_1.csv,D:\OneDrive - mail.scut.edu.cn\Matlab\CDCTest\Raw_Card_Categorized_All\1_SH\SH_10mm_1.66Hz_0.8A_r1.csv,Testdata,AMP10mm_1.66Hz_0.8A,9c3f90374bd44fd4361a2c9eb8c9568b1cbfd14bde42f77c6e8136d2044f8b75
SH_A10_F1p66_I0p8,2,D:\OneDrive - mail.scut.edu.cn\Matlab\CDCTest\Testdata - 副本\AMP10mm_1.66Hz_0.8A\auto_1.csv,D:\OneDrive - mail.scut.edu.cn\Matlab\CDCTest\Raw_Card_Categorized_All\1_SH\SH_10mm_1.66Hz_0.8A_r2.csv,TestdataLegacyCopy,AMP10mm_1.66Hz_0.8A,b754815a84b2f48a3adfed7b129d8ac688737d19927aa01851e06c9e3dc00be7
SH_A10_F1p66_I1,2,D:\OneDrive - mail.scut.edu.cn\Matlab\CDCTest\Testdata\AMP10mm_1.66Hz_1.0A\auto_1.csv,D:\OneDrive - mail.scut.edu.cn\Matlab\CDCTest\Raw_Card_Categorized_All\1_SH\SH_10mm_1.66Hz_1A_r1.csv,Testdata,AMP10mm_1.66Hz_1.0A,c980681c2a75f9a4ee4bb87f735f49953363d76ce48615308aaeb4b134736121
SH_A10_F1p66_I1,2,D:\OneDrive - mail.scut.edu.cn\Matlab\CDCTest\Testdata - 副本\AMP10mm_1.66Hz_1.0A\auto_1.csv,D:\OneDrive - mail.scut.edu.cn\Matlab\CDCTest\Raw_Card_Categorized_All\1_SH\SH_10mm_1.66Hz_1A_r2.csv,TestdataLegacyCopy,AMP10mm_1.66Hz_1.0A,246bbc7968c69070f5ccc1ecef266994ca4e869b09c5459436fa8b058051ad19
SH_A10_F1p66_I1p2,2,D:\OneDrive - mail.scut.edu.cn\Matlab\CDCTest\Testdata\AMP10mm_1.66Hz_1.2A\auto_1.csv,D:\OneDrive - mail.scut.edu.cn\Matlab\CDCTest\Raw_Card_Categorized_All\1_SH\SH_10mm_1.66Hz_1.2A_r1.csv,Testdata,AMP10mm_1.66Hz_1.2A,690002e0c6b5ed7850398a870a05014774aad9b32282b5e5792eaabd1c4b85d6
SH_A10_F1p66_I1p2,2,D:\OneDrive - mail.scut.edu.cn\Matlab\CDCTest\Testdata - 副本\AMP10mm_1.66Hz_1.2A\auto_1.csv,D:\OneDrive - mail.scut.edu.cn\Matlab\CDCTest\Raw_Card_Categorized_All\1_SH\SH_10mm_1.66Hz_1.2A_r2.csv,TestdataLegacyCopy,AMP10mm_1.66Hz_1.2A,d9f4b523f5b2a680ca131ab4860ad9fb30b2c01a2bce5f15cc7f2432b8426c93
SH_A10_F1p66_I1p4,2,D:\OneDrive - mail.scut.edu.cn\Matlab\CDCTest\Testdata\AMP10mm_1.66Hz_1.4A\auto_1.csv,D:\OneDrive - mail.scut.edu.cn\Matlab\CDCTest\Raw_Card_Categorized_All\1_SH\SH_10mm_1.66Hz_1.4A_r1.csv,Testdata,AMP10mm_1.66Hz_1.4A,0e4089b2fe3146e2dc860ae76948a8ebdc9c6ad8e64796653ba9653cad7b6610
SH_A10_F1p66_I1p4,2,D:\OneDrive - mail.scut.edu.cn\Matlab\CDCTest\Testdata - 副本\AMP10mm_1.66Hz_1.4A\auto_1.csv,D:\OneDrive - mail.scut.edu.cn\Matlab\CDCTest\Raw_Card_Categorized_All\1_SH\SH_10mm_1.66Hz_1.4A_r2.csv,TestdataLegacyCopy,AMP10mm_1.66Hz_1.4A,30c99952cb9ebeceaa75a481c57bd15f1a396c81889bdf8245b05a96579997a4
SH_A10_F6p62_I0,2,D:\OneDrive - mail.scut.edu.cn\Matlab\CDCTest\Testdata\AMP10mm_6.62Hz_0.0A\auto_1.csv,D:\OneDrive - mail.scut.edu.cn\Matlab\CDCTest\Raw_Card_Categorized_All\1_SH\SH_10mm_6.62Hz_0A_r1.csv,Testdata,AMP10mm_6.62Hz_0.0A,c2d97aa96d9ed94841f8b1eb6d81fe04556dfcf23ac0311d4932f95677e8c269
SH_A10_F6p62_I0,2,D:\OneDrive - mail.scut.edu.cn\Matlab\CDCTest\Testdata - 副本\AMP10mm_6.62Hz_0.0A\auto_1.csv,D:\OneDrive - mail.scut.edu.cn\Matlab\CDCTest\Raw_Card_Categorized_All\1_SH\SH_10mm_6.62Hz_0A_r2.csv,TestdataLegacyCopy,AMP10mm_6.62Hz_0.0A,0fd0a8ad400227bc24f0853caf02d0d7bf51543a163de55385468d5432f315b4
SH_A10_F6p62_I0p2,2,D:\OneDrive - mail.scut.edu.cn\Matlab\CDCTest\Testdata\AMP10mm_6.62Hz_0.2A\auto_1.csv,D:\OneDrive - mail.scut.edu.cn\Matlab\CDCTest\Raw_Card_Categorized_All\1_SH\SH_10mm_6.62Hz_0.2A_r1.csv,Testdata,AMP10mm_6.62Hz_0.2A,bf55a8acfab48a3e2c1d1a9aafc6a78d7576eccce24c6668c5838a041befed88
SH_A10_F6p62_I0p2,2,D:\OneDrive - mail.scut.edu.cn\Matlab\CDCTest\Testdata - 副本\AMP10mm_6.62Hz_0.2A\auto_1.csv,D:\OneDrive - mail.scut.edu.cn\Matlab\CDCTest\Raw_Card_Categorized_All\1_SH\SH_10mm_6.62Hz_0.2A_r2.csv,TestdataLegacyCopy,AMP10mm_6.62Hz_0.2A,c2c2dd86e33b8dba832f2af735d8c967e2b7c6ae6094f048f8ad6bacf4fa7900
SH_A10_F6p62_I0p4,2,D:\OneDrive - mail.scut.edu.cn\Matlab\CDCTest\Testdata\AMP10mm_6.62Hz_0.4A\auto_1.csv,D:\OneDrive - mail.scut.edu.cn\Matlab\CDCTest\Raw_Card_Categorized_All\1_SH\SH_10mm_6.62Hz_0.4A_r1.csv,Testdata,AMP10mm_6.62Hz_0.4A,0598070380fdcdae83096aee7e87f631ae40af186c42ffa079b135779194e2b3
SH_A10_F6p62_I0p4,2,D:\OneDrive - mail.scut.edu.cn\Matlab\CDCTest\Testdata - 副本\AMP10mm_6.62Hz_0.4A\auto_1.csv,D:\OneDrive - mail.scut.edu.cn\Matlab\CDCTest\Raw_Card_Categorized_All\1_SH\SH_10mm_6.62Hz_0.4A_r2.csv,TestdataLegacyCopy,AMP10mm_6.62Hz_0.4A,31bc1a319de6459348fa71ebf86adbc0f6ee79d07e7fc9d3747dd1412112df6d
SH_A10_F6p62_I0p6,2,D:\OneDrive - mail.scut.edu.cn\Matlab\CDCTest\Testdata\AMP10mm_6.62Hz_0.6A\auto_1.csv,D:\OneDrive - mail.scut.edu.cn\Matlab\CDCTest\Raw_Card_Categorized_All\1_SH\SH_10mm_6.62Hz_0.6A_r1.csv,Testdata,AMP10mm_6.62Hz_0.6A,99286705488d055a797aee677eb5706a075f082a3efb6b215092eed48572fe24
SH_A10_F6p62_I0p6,2,D:\OneDrive - mail.scut.edu.cn\Matlab\CDCTest\Testdata - 副本\AMP10mm_6.62Hz_0.6A\auto_1.csv,D:\OneDrive - mail.scut.edu.cn\Matlab\CDCTest\Raw_Card_Categorized_All\1_SH\SH_10mm_6.62Hz_0.6A_r2.csv,TestdataLegacyCopy,AMP10mm_6.62Hz_0.6A,69d4375b94053ed1a49f4a5f51cdc106bf0300b5c445d3d5f4537780b5e477c9
SH_A10_F6p62_I0p8,2,D:\OneDrive - mail.scut.edu.cn\Matlab\CDCTest\Testdata\AMP10mm_6.62Hz_0.8A\auto_1.csv,D:\OneDrive - mail.scut.edu.cn\Matlab\CDCTest\Raw_Card_Categorized_All\1_SH\SH_10mm_6.62Hz_0.8A_r1.csv,Testdata,AMP10mm_6.62Hz_0.8A,8f506bc9ee8cab54ba3bd131e81634cf1ec6999464a985255fef950e4449e960
SH_A10_F6p62_I0p8,2,D:\OneDrive - mail.scut.edu.cn\Matlab\CDCTest\Testdata - 副本\AMP10mm_6.62Hz_0.8A\auto_1.csv,D:\OneDrive - mail.scut.edu.cn\Matlab\CDCTest\Raw_Card_Categorized_All\1_SH\SH_10mm_6.62Hz_0.8A_r2.csv,TestdataLegacyCopy,AMP10mm_6.62Hz_0.8A,3231192fd3958801a6a3d17147b6e8aa06c1c4879ce0adc773532351b3fa4902
SH_A10_F6p62_I1,2,D:\OneDrive - mail.scut.edu.cn\Matlab\CDCTest\Testdata\AMP10mm_6.62Hz_1.0A\auto_1.csv,D:\OneDrive - mail.scut.edu.cn\Matlab\CDCTest\Raw_Card_Categorized_All\1_SH\SH_10mm_6.62Hz_1A_r1.csv,Testdata,AMP10mm_6.62Hz_1.0A,a78a68ee62c4f21a87996c23399abcec08522e1d1a6b5f73480e78a8b8e2164c
SH_A10_F6p62_I1,2,D:\OneDrive - mail.scut.edu.cn\Matlab\CDCTest\Testdata - 副本\AMP10mm_6.62Hz_1.0A\auto_1.csv,D:\OneDrive - mail.scut.edu.cn\Matlab\CDCTest\Raw_Card_Categorized_All\1_SH\SH_10mm_6.62Hz_1A_r2.csv,TestdataLegacyCopy,AMP10mm_6.62Hz_1.0A,465fc076d1f8fb58ad903520ec624ca60225e3f2fe6c0c47125dc3bb6389082e
SH_A10_F6p62_I1p2,2,D:\OneDrive - mail.scut.edu.cn\Matlab\CDCTest\Testdata\AMP10mm_6.62Hz_1.2A\auto_1.csv,D:\OneDrive - mail.scut.edu.cn\Matlab\CDCTest\Raw_Card_Categorized_All\1_SH\SH_10mm_6.62Hz_1.2A_r1.csv,Testdata,AMP10mm_6.62Hz_1.2A,329e97d8756e70ab822fc09570ae3bb8f8989dac37e7b208bab0811266983d18
SH_A10_F6p62_I1p2,2,D:\OneDrive - mail.scut.edu.cn\Matlab\CDCTest\Testdata - 副本\AMP10mm_6.62Hz_1.2A\auto_1.csv,D:\OneDrive - mail.scut.edu.cn\Matlab\CDCTest\Raw_Card_Categorized_All\1_SH\SH_10mm_6.62Hz_1.2A_r2.csv,TestdataLegacyCopy,AMP10mm_6.62Hz_1.2A,30f85bd950c9e7964b8b8dcf6ddc620376bbe9f2a3adc16b45299c5a702dcb66
SH_A10_F6p62_I1p4,2,D:\OneDrive - mail.scut.edu.cn\Matlab\CDCTest\Testdata\AMP10mm_6.62Hz_1.4A\auto_1.csv,D:\OneDrive - mail.scut.edu.cn\Matlab\CDCTest\Raw_Card_Categorized_All\1_SH\SH_10mm_6.62Hz_1.4A_r1.csv,Testdata,AMP10mm_6.62Hz_1.4A,ce655718521e285f8090ae555d66a4809795f6ad6e4104456e0352b68a9daba3
SH_A10_F6p62_I1p4,2,D:\OneDrive - mail.scut.edu.cn\Matlab\CDCTest\Testdata - 副本\AMP10mm_6.62Hz_1.4A\auto_1.csv,D:\OneDrive - mail.scut.edu.cn\Matlab\CDCTest\Raw_Card_Categorized_All\1_SH\SH_10mm_6.62Hz_1.4A_r2.csv,TestdataLegacyCopy,AMP10mm_6.62Hz_1.4A,06b4944606cd6dea08d732bbd27adc0ad7e3f7670f1fa00c3f76949cad2ce8f1
SH_A30_F0p41_I0,2,D:\OneDrive - mail.scut.edu.cn\Matlab\CDCTest\Testdata\AMP30mm_0.41Hz_0.0A\auto_1.csv,D:\OneDrive - mail.scut.edu.cn\Matlab\CDCTest\Raw_Card_Categorized_All\1_SH\SH_30mm_0.41Hz_0A_r1.csv,Testdata,AMP30mm_0.41Hz_0.0A,d2a9ee6f0022ebda475e1968adee218133f81dbdb54c4b2a1848c7ddd9c7dc2d
SH_A30_F0p41_I0,2,D:\OneDrive - mail.scut.edu.cn\Matlab\CDCTest\Testdata - 副本\AMP30mm_0.41Hz_0.0A\auto_1.csv,D:\OneDrive - mail.scut.edu.cn\Matlab\CDCTest\Raw_Card_Categorized_All\1_SH\SH_30mm_0.41Hz_0A_r2.csv,TestdataLegacyCopy,AMP30mm_0.41Hz_0.0A,13a1b8136ffd218fcb90e1e8a2d209ba0b6a116bab6975eeb111bda7eaffc8d7
SH_A30_F0p41_I0p2,2,D:\OneDrive - mail.scut.edu.cn\Matlab\CDCTest\Testdata\AMP30mm_0.41Hz_0.2A\auto_1.csv,D:\OneDrive - mail.scut.edu.cn\Matlab\CDCTest\Raw_Card_Categorized_All\1_SH\SH_30mm_0.41Hz_0.2A_r1.csv,Testdata,AMP30mm_0.41Hz_0.2A,c4953ca9b25913262b261263bfdc131ee1a9a0915c83412265254aa5132680ac
SH_A30_F0p41_I0p2,2,D:\OneDrive - mail.scut.edu.cn\Matlab\CDCTest\Testdata - 副本\AMP30mm_0.41Hz_0.2A\auto_1.csv,D:\OneDrive - mail.scut.edu.cn\Matlab\CDCTest\Raw_Card_Categorized_All\1_SH\SH_30mm_0.41Hz_0.2A_r2.csv,TestdataLegacyCopy,AMP30mm_0.41Hz_0.2A,17b4915b99a553b73a1b0e4e6a91be3a48f4e19df689e323ea1cab19ceab670e
SH_A30_F0p41_I0p4,2,D:\OneDrive - mail.scut.edu.cn\Matlab\CDCTest\Testdata\AMP30mm_0.41Hz_0.4A\auto_1.csv,D:\OneDrive - mail.scut.edu.cn\Matlab\CDCTest\Raw_Card_Categorized_All\1_SH\SH_30mm_0.41Hz_0.4A_r1.csv,Testdata,AMP30mm_0.41Hz_0.4A,7a06390c215656bc60a721a502691fa1caf9a643ba0ac8351929f6d891194a8c
SH_A30_F0p41_I0p4,2,D:\OneDrive - mail.scut.edu.cn\Matlab\CDCTest\Testdata - 副本\AMP30mm_0.41Hz_0.4A\auto_1.csv,D:\OneDrive - mail.scut.edu.cn\Matlab\CDCTest\Raw_Card_Categorized_All\1_SH\SH_30mm_0.41Hz_0.4A_r2.csv,TestdataLegacyCopy,AMP30mm_0.41Hz_0.4A,30cda082455120ad9565b2cc78a4f9fff135f83500147aedd48f6bc31b5b2824
SH_A30_F0p41_I0p6,2,D:\OneDrive - mail.scut.edu.cn\Matlab\CDCTest\Testdata\AMP30mm_0.41Hz_0.6A\auto_1.csv,D:\OneDrive - mail.scut.edu.cn\Matlab\CDCTest\Raw_Card_Categorized_All\1_SH\SH_30mm_0.41Hz_0.6A_r1.csv,Testdata,AMP30mm_0.41Hz_0.6A,3ecde30aa7d448fb3cdc79047984331f530e4d0ecd76958fd8db8c373563b476
SH_A30_F0p41_I0p6,2,D:\OneDrive - mail.scut.edu.cn\Matlab\CDCTest\Testdata - 副本\AMP30mm_0.41Hz_0.6A\auto_1.csv,D:\OneDrive - mail.scut.edu.cn\Matlab\CDCTest\Raw_Card_Categorized_All\1_SH\SH_30mm_0.41Hz_0.6A_r2.csv,TestdataLegacyCopy,AMP30mm_0.41Hz_0.6A,dd74c9aa496be114492fed3148c0897af5ad8362e41538b12b64a1c8ab4a8696
SH_A30_F0p41_I0p8,2,D:\OneDrive - mail.scut.edu.cn\Matlab\CDCTest\Testdata\AMP30mm_0.41Hz_0.8A\auto_1.csv,D:\OneDrive - mail.scut.edu.cn\Matlab\CDCTest\Raw_Card_Categorized_All\1_SH\SH_30mm_0.41Hz_0.8A_r1.csv,Testdata,AMP30mm_0.41Hz_0.8A,38f19fe9e0509c06c5daa0afba772a3c43681708a63b58c8456f1a6182c52c34
SH_A30_F0p41_I0p8,2,D:\OneDrive - mail.scut.edu.cn\Matlab\CDCTest\Testdata - 副本\AMP30mm_0.41Hz_0.8A\auto_1.csv,D:\OneDrive - mail.scut.edu.cn\Matlab\CDCTest\Raw_Card_Categorized_All\1_SH\SH_30mm_0.41Hz_0.8A_r2.csv,TestdataLegacyCopy,AMP30mm_0.41Hz_0.8A,f827da30bc0f17bac88857a6300d85194dce21f62a7c486ee15b03880f028bad
SH_A30_F0p41_I1,2,D:\OneDrive - mail.scut.edu.cn\Matlab\CDCTest\Testdata\AMP30mm_0.41Hz_1.0A\auto_1.csv,D:\OneDrive - mail.scut.edu.cn\Matlab\CDCTest\Raw_Card_Categorized_All\1_SH\SH_30mm_0.41Hz_1A_r1.csv,Testdata,AMP30mm_0.41Hz_1.0A,23d2b78594e87175cf81fc7e54fbf9846b3a99b9f6ffdb42098411357ea0cd71
SH_A30_F0p41_I1,2,D:\OneDrive - mail.scut.edu.cn\Matlab\CDCTest\Testdata - 副本\AMP30mm_0.41Hz_1.0A\auto_1.csv,D:\OneDrive - mail.scut.edu.cn\Matlab\CDCTest\Raw_Card_Categorized_All\1_SH\SH_30mm_0.41Hz_1A_r2.csv,TestdataLegacyCopy,AMP30mm_0.41Hz_1.0A,a2934b48e4b79f6d9ec6e3c8b1c1af8d10fd69c7b9b55c527d3560de893661b7
SH_A30_F0p41_I1p2,2,D:\OneDrive - mail.scut.edu.cn\Matlab\CDCTest\Testdata\AMP30mm_0.41Hz_1.2A\auto_1.csv,D:\OneDrive - mail.scut.edu.cn\Matlab\CDCTest\Raw_Card_Categorized_All\1_SH\SH_30mm_0.41Hz_1.2A_r1.csv,Testdata,AMP30mm_0.41Hz_1.2A,c7a9a8dcba3447961b99497404246a353041149e2f6a08e8bef97d3178dbf0dd
SH_A30_F0p41_I1p2,2,D:\OneDrive - mail.scut.edu.cn\Matlab\CDCTest\Testdata - 副本\AMP30mm_0.41Hz_1.2A\auto_1.csv,D:\OneDrive - mail.scut.edu.cn\Matlab\CDCTest\Raw_Card_Categorized_All\1_SH\SH_30mm_0.41Hz_1.2A_r2.csv,TestdataLegacyCopy,AMP30mm_0.41Hz_1.2A,901973484aed1015184891b4cdf03d8864e5c2eb6c2fb65b45c9be7f4813bc0a
SH_A30_F0p41_I1p4,2,D:\OneDrive - mail.scut.edu.cn\Matlab\CDCTest\Testdata\AMP30mm_0.41Hz_1.4A\auto_1.csv,D:\OneDrive - mail.scut.edu.cn\Matlab\CDCTest\Raw_Card_Categorized_All\1_SH\SH_30mm_0.41Hz_1.4A_r1.csv,Testdata,AMP30mm_0.41Hz_1.4A,42632fe778da090f911182190c465dc48ac1cd4b43924e8521e98df4d5de957a
SH_A30_F0p41_I1p4,2,D:\OneDrive - mail.scut.edu.cn\Matlab\CDCTest\Testdata - 副本\AMP30mm_0.41Hz_1.4A\auto_1.csv,D:\OneDrive - mail.scut.edu.cn\Matlab\CDCTest\Raw_Card_Categorized_All\1_SH\SH_30mm_0.41Hz_1.4A_r2.csv,TestdataLegacyCopy,AMP30mm_0.41Hz_1.4A,259a9827db95bc5d68018d889173be75acdbb153d2582501125f6fa3c25c2ba1
SH_A30_F0p83_I0,2,D:\OneDrive - mail.scut.edu.cn\Matlab\CDCTest\Testdata\AMP30mm_0.83Hz_0.0A\auto_1.csv,D:\OneDrive - mail.scut.edu.cn\Matlab\CDCTest\Raw_Card_Categorized_All\1_SH\SH_30mm_0.83Hz_0A_r1.csv,Testdata,AMP30mm_0.83Hz_0.0A,8576710060e6758a374547e89ed906febf6908c0f05b89a8c14f68f9b7ca61bb
SH_A30_F0p83_I0,2,D:\OneDrive - mail.scut.edu.cn\Matlab\CDCTest\Testdata - 副本\AMP30mm_0.83Hz_0.0A\auto_1.csv,D:\OneDrive - mail.scut.edu.cn\Matlab\CDCTest\Raw_Card_Categorized_All\1_SH\SH_30mm_0.83Hz_0A_r2.csv,TestdataLegacyCopy,AMP30mm_0.83Hz_0.0A,110917c6df008a1af969104a81a4e79ac72d801563b89d3020aff3e3a0820532
SH_A30_F0p83_I0p2,2,D:\OneDrive - mail.scut.edu.cn\Matlab\CDCTest\Testdata\AMP30mm_0.83Hz_0.2A\auto_1.csv,D:\OneDrive - mail.scut.edu.cn\Matlab\CDCTest\Raw_Card_Categorized_All\1_SH\SH_30mm_0.83Hz_0.2A_r1.csv,Testdata,AMP30mm_0.83Hz_0.2A,cf9562fab974dbfb4ec1247fe7ed305b063f3fd34e5de19cfd1dc3cfd9c3bdb3
SH_A30_F0p83_I0p2,2,D:\OneDrive - mail.scut.edu.cn\Matlab\CDCTest\Testdata - 副本\AMP30mm_0.83Hz_0.2A\auto_1.csv,D:\OneDrive - mail.scut.edu.cn\Matlab\CDCTest\Raw_Card_Categorized_All\1_SH\SH_30mm_0.83Hz_0.2A_r2.csv,TestdataLegacyCopy,AMP30mm_0.83Hz_0.2A,fad33e603c570e59273676ea3b6a384fd37a72008af4c450e6e88ed6a4cd01ba
SH_A30_F0p83_I0p4,2,D:\OneDrive - mail.scut.edu.cn\Matlab\CDCTest\Testdata\AMP30mm_0.83Hz_0.4A\auto_1.csv,D:\OneDrive - mail.scut.edu.cn\Matlab\CDCTest\Raw_Card_Categorized_All\1_SH\SH_30mm_0.83Hz_0.4A_r1.csv,Testdata,AMP30mm_0.83Hz_0.4A,3bf9f455c7fbea876965414e5f679ed0e5f4e0a2e807dee836ea8de8529687a7
SH_A30_F0p83_I0p4,2,D:\OneDrive - mail.scut.edu.cn\Matlab\CDCTest\Testdata - 副本\AMP30mm_0.83Hz_0.4A\auto_1.csv,D:\OneDrive - mail.scut.edu.cn\Matlab\CDCTest\Raw_Card_Categorized_All\1_SH\SH_30mm_0.83Hz_0.4A_r2.csv,TestdataLegacyCopy,AMP30mm_0.83Hz_0.4A,26eba7905ff48d3a776164833310ad80dc3bff7a1e45fe04fae874734cd96d6e
SH_A30_F0p83_I0p6,2,D:\OneDrive - mail.scut.edu.cn\Matlab\CDCTest\Testdata\AMP30mm_0.83Hz_0.6A\auto_1.csv,D:\OneDrive - mail.scut.edu.cn\Matlab\CDCTest\Raw_Card_Categorized_All\1_SH\SH_30mm_0.83Hz_0.6A_r1.csv,Testdata,AMP30mm_0.83Hz_0.6A,675c6d4b1d73e07c752d652113d7b0d3bf95afebf99f9116d916017d6b532131
SH_A30_F0p83_I0p6,2,D:\OneDrive - mail.scut.edu.cn\Matlab\CDCTest\Testdata - 副本\AMP30mm_0.83Hz_0.6A\auto_1.csv,D:\OneDrive - mail.scut.edu.cn\Matlab\CDCTest\Raw_Card_Categorized_All\1_SH\SH_30mm_0.83Hz_0.6A_r2.csv,TestdataLegacyCopy,AMP30mm_0.83Hz_0.6A,92351abf0926975c2c5d068921831237e60360d9acd1b1f5cbfa3ac5d05ba18c
SH_A30_F0p83_I0p8,2,D:\OneDrive - mail.scut.edu.cn\Matlab\CDCTest\Testdata\AMP30mm_0.83Hz_0.8A\auto_1.csv,D:\OneDrive - mail.scut.edu.cn\Matlab\CDCTest\Raw_Card_Categorized_All\1_SH\SH_30mm_0.83Hz_0.8A_r1.csv,Testdata,AMP30mm_0.83Hz_0.8A,43e588526e6e5d01ce5e61c180eda4ed029d3860c84b17347208d3b1b34d56f2
SH_A30_F0p83_I0p8,2,D:\OneDrive - mail.scut.edu.cn\Matlab\CDCTest\Testdata - 副本\AMP30mm_0.83Hz_0.8A\auto_1.csv,D:\OneDrive - mail.scut.edu.cn\Matlab\CDCTest\Raw_Card_Categorized_All\1_SH\SH_30mm_0.83Hz_0.8A_r2.csv,TestdataLegacyCopy,AMP30mm_0.83Hz_0.8A,7c3e7bfba62c8548f69b8c96a357d3f154845b2e517f3f284c7b2f99b8adb3c5
SH_A30_F0p83_I1,2,D:\OneDrive - mail.scut.edu.cn\Matlab\CDCTest\Testdata\AMP30mm_0.83Hz_1.0A\auto_1.csv,D:\OneDrive - mail.scut.edu.cn\Matlab\CDCTest\Raw_Card_Categorized_All\1_SH\SH_30mm_0.83Hz_1A_r1.csv,Testdata,AMP30mm_0.83Hz_1.0A,17f1ce86bb0dc23a186d9d533d882bb6a8995b5a95e59e911d7eb4dd070b3849
SH_A30_F0p83_I1,2,D:\OneDrive - mail.scut.edu.cn\Matlab\CDCTest\Testdata - 副本\AMP30mm_0.83Hz_1.0A\auto_1.csv,D:\OneDrive - mail.scut.edu.cn\Matlab\CDCTest\Raw_Card_Categorized_All\1_SH\SH_30mm_0.83Hz_1A_r2.csv,TestdataLegacyCopy,AMP30mm_0.83Hz_1.0A,725b7d3d91da911789812e435ca570c7cf83cae3e910bb52791cd841a747e011
SH_A30_F0p83_I1p2,2,D:\OneDrive - mail.scut.edu.cn\Matlab\CDCTest\Testdata\AMP30mm_0.83Hz_1.2A\auto_1.csv,D:\OneDrive - mail.scut.edu.cn\Matlab\CDCTest\Raw_Card_Categorized_All\1_SH\SH_30mm_0.83Hz_1.2A_r1.csv,Testdata,AMP30mm_0.83Hz_1.2A,db6a555016a62ec5a5c7774d385bafc5ca446378edbb4e3e5be40d509d54c59d
SH_A30_F0p83_I1p2,2,D:\OneDrive - mail.scut.edu.cn\Matlab\CDCTest\Testdata - 副本\AMP30mm_0.83Hz_1.2A\auto_1.csv,D:\OneDrive - mail.scut.edu.cn\Matlab\CDCTest\Raw_Card_Categorized_All\1_SH\SH_30mm_0.83Hz_1.2A_r2.csv,TestdataLegacyCopy,AMP30mm_0.83Hz_1.2A,ed773264bb7e10d680ddaea96122707c9cc3f16f4de83980743240480a7be318
SH_A30_F0p83_I1p4,2,D:\OneDrive - mail.scut.edu.cn\Matlab\CDCTest\Testdata\AMP30mm_0.83Hz_1.4A\auto_1.csv,D:\OneDrive - mail.scut.edu.cn\Matlab\CDCTest\Raw_Card_Categorized_All\1_SH\SH_30mm_0.83Hz_1.4A_r1.csv,Testdata,AMP30mm_0.83Hz_1.4A,314a0a062bc9c613734698f68d21ce9edc8cc0844ec9227ebcd27d10658b9057
SH_A30_F0p83_I1p4,2,D:\OneDrive - mail.scut.edu.cn\Matlab\CDCTest\Testdata - 副本\AMP30mm_0.83Hz_1.4A\auto_1.csv,D:\OneDrive - mail.scut.edu.cn\Matlab\CDCTest\Raw_Card_Categorized_All\1_SH\SH_30mm_0.83Hz_1.4A_r2.csv,TestdataLegacyCopy,AMP30mm_0.83Hz_1.4A,13e2007e2d073cdc15d59937c0c4d2b07d62899c504db904430573ddccf8d4cd
SH_A30_F1p66_I0,2,D:\OneDrive - mail.scut.edu.cn\Matlab\CDCTest\Testdata\AMP30mm_1.66Hz_0.0A\auto_1.csv,D:\OneDrive - mail.scut.edu.cn\Matlab\CDCTest\Raw_Card_Categorized_All\1_SH\SH_30mm_1.66Hz_0A_r1.csv,Testdata,AMP30mm_1.66Hz_0.0A,f3c78e677d49163db54bf040b06a369041f36fcfaad4d593a22949960c9d978f
SH_A30_F1p66_I0,2,D:\OneDrive - mail.scut.edu.cn\Matlab\CDCTest\Testdata - 副本\AMP30mm_1.66Hz_0.0A\auto_1.csv,D:\OneDrive - mail.scut.edu.cn\Matlab\CDCTest\Raw_Card_Categorized_All\1_SH\SH_30mm_1.66Hz_0A_r2.csv,TestdataLegacyCopy,AMP30mm_1.66Hz_0.0A,ee65e71a2bab8fffe1f8ca111cd907d7362044411aa928aca50399d3be8fca0f
SH_A30_F1p66_I0p2,2,D:\OneDrive - mail.scut.edu.cn\Matlab\CDCTest\Testdata\AMP30mm_1.66Hz_0.2A\auto_1.csv,D:\OneDrive - mail.scut.edu.cn\Matlab\CDCTest\Raw_Card_Categorized_All\1_SH\SH_30mm_1.66Hz_0.2A_r1.csv,Testdata,AMP30mm_1.66Hz_0.2A,18637f178faa696163062e831c0a9ad04d6b779e594e18bdb767c0508a2a6488
SH_A30_F1p66_I0p2,2,D:\OneDrive - mail.scut.edu.cn\Matlab\CDCTest\Testdata - 副本\AMP30mm_1.66Hz_0.2A\auto_1.csv,D:\OneDrive - mail.scut.edu.cn\Matlab\CDCTest\Raw_Card_Categorized_All\1_SH\SH_30mm_1.66Hz_0.2A_r2.csv,TestdataLegacyCopy,AMP30mm_1.66Hz_0.2A,1f3cb745ff4242110f7e667da12e90bd3da6ed320c711f106fa51de32e59ef7a
SH_A30_F1p66_I0p4,2,D:\OneDrive - mail.scut.edu.cn\Matlab\CDCTest\Testdata\AMP30mm_1.66Hz_0.4A\auto_1.csv,D:\OneDrive - mail.scut.edu.cn\Matlab\CDCTest\Raw_Card_Categorized_All\1_SH\SH_30mm_1.66Hz_0.4A_r1.csv,Testdata,AMP30mm_1.66Hz_0.4A,4750883927814e9f00747ddc2a4d85283e05e58e33e853e8577e7974646ad93b
SH_A30_F1p66_I0p4,2,D:\OneDrive - mail.scut.edu.cn\Matlab\CDCTest\Testdata - 副本\AMP30mm_1.66Hz_0.4A\auto_1.csv,D:\OneDrive - mail.scut.edu.cn\Matlab\CDCTest\Raw_Card_Categorized_All\1_SH\SH_30mm_1.66Hz_0.4A_r2.csv,TestdataLegacyCopy,AMP30mm_1.66Hz_0.4A,44b1726b7eed48adac4f9d671119751fc44fde38cc96195ba42cf559887d1e74
SH_A30_F1p66_I0p6,2,D:\OneDrive - mail.scut.edu.cn\Matlab\CDCTest\Testdata\AMP30mm_1.66Hz_0.6A\auto_1.csv,D:\OneDrive - mail.scut.edu.cn\Matlab\CDCTest\Raw_Card_Categorized_All\1_SH\SH_30mm_1.66Hz_0.6A_r1.csv,Testdata,AMP30mm_1.66Hz_0.6A,9641bbc80f172a54151eff83b03bc564513c6f71629ca6db3b45b020a477effa
SH_A30_F1p66_I0p6,2,D:\OneDrive - mail.scut.edu.cn\Matlab\CDCTest\Testdata - 副本\AMP30mm_1.66Hz_0.6A\auto_1.csv,D:\OneDrive - mail.scut.edu.cn\Matlab\CDCTest\Raw_Card_Categorized_All\1_SH\SH_30mm_1.66Hz_0.6A_r2.csv,TestdataLegacyCopy,AMP30mm_1.66Hz_0.6A,37da3341ba2748528171f0e8ea96ce388f380f2bc17de11e0b7bc57638b76407
SH_A30_F1p66_I0p8,2,D:\OneDrive - mail.scut.edu.cn\Matlab\CDCTest\Testdata\AMP30mm_1.66Hz_0.8A\auto_1.csv,D:\OneDrive - mail.scut.edu.cn\Matlab\CDCTest\Raw_Card_Categorized_All\1_SH\SH_30mm_1.66Hz_0.8A_r1.csv,Testdata,AMP30mm_1.66Hz_0.8A,1c030ebf32301b9f39e6d713ec25d9177b553ab361e883640055f8e79453fa93
SH_A30_F1p66_I0p8,2,D:\OneDrive - mail.scut.edu.cn\Matlab\CDCTest\Testdata - 副本\AMP30mm_1.66Hz_0.8A\auto_1.csv,D:\OneDrive - mail.scut.edu.cn\Matlab\CDCTest\Raw_Card_Categorized_All\1_SH\SH_30mm_1.66Hz_0.8A_r2.csv,TestdataLegacyCopy,AMP30mm_1.66Hz_0.8A,29454617003ba0300eab7f22d9a095c3ad37f26a1e1fbd81da1b3f7135030e38
SH_A30_F1p66_I1,2,D:\OneDrive - mail.scut.edu.cn\Matlab\CDCTest\Testdata\AMP30mm_1.66Hz_1.0A\auto_1.csv,D:\OneDrive - mail.scut.edu.cn\Matlab\CDCTest\Raw_Card_Categorized_All\1_SH\SH_30mm_1.66Hz_1A_r1.csv,Testdata,AMP30mm_1.66Hz_1.0A,0bec35df5615d222690ed3cbb7c654909ccc92e8d0c71a6005b613f0c931cb19
SH_A30_F1p66_I1,2,D:\OneDrive - mail.scut.edu.cn\Matlab\CDCTest\Testdata - 副本\AMP30mm_1.66Hz_1.0A\auto_1.csv,D:\OneDrive - mail.scut.edu.cn\Matlab\CDCTest\Raw_Card_Categorized_All\1_SH\SH_30mm_1.66Hz_1A_r2.csv,TestdataLegacyCopy,AMP30mm_1.66Hz_1.0A,91216be32667e2e9f429b066e63450b0cffb65c0275dd7471a18095df544902d
SH_A30_F1p66_I1p2,2,D:\OneDrive - mail.scut.edu.cn\Matlab\CDCTest\Testdata\AMP30mm_1.66Hz_1.2A\auto_1.csv,D:\OneDrive - mail.scut.edu.cn\Matlab\CDCTest\Raw_Card_Categorized_All\1_SH\SH_30mm_1.66Hz_1.2A_r1.csv,Testdata,AMP30mm_1.66Hz_1.2A,ddf0c5d09e08670bd7b37ab7a5835d5432b337594de559e8e304410d5873b07f
SH_A30_F1p66_I1p2,2,D:\OneDrive - mail.scut.edu.cn\Matlab\CDCTest\Testdata - 副本\AMP30mm_1.66Hz_1.2A\auto_1.csv,D:\OneDrive - mail.scut.edu.cn\Matlab\CDCTest\Raw_Card_Categorized_All\1_SH\SH_30mm_1.66Hz_1.2A_r2.csv,TestdataLegacyCopy,AMP30mm_1.66Hz_1.2A,9619a10cfaa92956dd014f98d5ba4c3db5783d33d7559d617873e42c7fdecbb1
SH_A30_F1p66_I1p4,2,D:\OneDrive - mail.scut.edu.cn\Matlab\CDCTest\Testdata\AMP30mm_1.66Hz_1.4A\auto_1.csv,D:\OneDrive - mail.scut.edu.cn\Matlab\CDCTest\Raw_Card_Categorized_All\1_SH\SH_30mm_1.66Hz_1.4A_r1.csv,Testdata,AMP30mm_1.66Hz_1.4A,8765988a87ab46ded07e29163124263569719ab7fc14db6159cbcd011448bf23
SH_A30_F1p66_I1p4,2,D:\OneDrive - mail.scut.edu.cn\Matlab\CDCTest\Testdata - 副本\AMP30mm_1.66Hz_1.4A\auto_1.csv,D:\OneDrive - mail.scut.edu.cn\Matlab\CDCTest\Raw_Card_Categorized_All\1_SH\SH_30mm_1.66Hz_1.4A_r2.csv,TestdataLegacyCopy,AMP30mm_1.66Hz_1.4A,7880f438ea9f3c8ea968eb17b9b518f82ccd42e03567f1d586fa41f9a67b9765
SH_A50_F0p41_I0,2,D:\OneDrive - mail.scut.edu.cn\Matlab\CDCTest\Testdata\AMP50mm_0.41Hz_0.0A\auto_1.csv,D:\OneDrive - mail.scut.edu.cn\Matlab\CDCTest\Raw_Card_Categorized_All\1_SH\SH_50mm_0.41Hz_0A_r1.csv,Testdata,AMP50mm_0.41Hz_0.0A,2af61d296191ee42f1b579701e63099831393310df50c58c1f49e3ea76c58728
SH_A50_F0p41_I0,2,D:\OneDrive - mail.scut.edu.cn\Matlab\CDCTest\Testdata - 副本\AMP50mm_0.41Hz_0.0A\auto_1.csv,D:\OneDrive - mail.scut.edu.cn\Matlab\CDCTest\Raw_Card_Categorized_All\1_SH\SH_50mm_0.41Hz_0A_r2.csv,TestdataLegacyCopy,AMP50mm_0.41Hz_0.0A,e2f6a3ea41d49905d099d61fb509f79f5212016b3510d5806ce8336ef855d200
SH_A50_F0p41_I0p2,2,D:\OneDrive - mail.scut.edu.cn\Matlab\CDCTest\Testdata\AMP50mm_0.41Hz_0.2A\auto_1.csv,D:\OneDrive - mail.scut.edu.cn\Matlab\CDCTest\Raw_Card_Categorized_All\1_SH\SH_50mm_0.41Hz_0.2A_r1.csv,Testdata,AMP50mm_0.41Hz_0.2A,3588e47835719939f4b1d162531bc53c48b6658443cfb89aedd10a23a297689d
SH_A50_F0p41_I0p2,2,D:\OneDrive - mail.scut.edu.cn\Matlab\CDCTest\Testdata - 副本\AMP50mm_0.41Hz_0.2A\auto_1.csv,D:\OneDrive - mail.scut.edu.cn\Matlab\CDCTest\Raw_Card_Categorized_All\1_SH\SH_50mm_0.41Hz_0.2A_r2.csv,TestdataLegacyCopy,AMP50mm_0.41Hz_0.2A,3db7dec184ef2f84f430550e66688ef4b6dd61d80aa49df695c3e832af11726b
SH_A50_F0p41_I0p4,2,D:\OneDrive - mail.scut.edu.cn\Matlab\CDCTest\Testdata\AMP50mm_0.41Hz_0.4A\auto_1.csv,D:\OneDrive - mail.scut.edu.cn\Matlab\CDCTest\Raw_Card_Categorized_All\1_SH\SH_50mm_0.41Hz_0.4A_r1.csv,Testdata,AMP50mm_0.41Hz_0.4A,3175af2dd864edb975057a06d62bd195bffe614fa1b0c3b0be09400143f0de35
SH_A50_F0p41_I0p4,2,D:\OneDrive - mail.scut.edu.cn\Matlab\CDCTest\Testdata - 副本\AMP50mm_0.41Hz_0.4A\auto_1.csv,D:\OneDrive - mail.scut.edu.cn\Matlab\CDCTest\Raw_Card_Categorized_All\1_SH\SH_50mm_0.41Hz_0.4A_r2.csv,TestdataLegacyCopy,AMP50mm_0.41Hz_0.4A,fb39ada43285bcda7e201be99c996b53ef58d6ffb1421268a2f80d9114ea0339
SH_A50_F0p41_I0p6,2,D:\OneDrive - mail.scut.edu.cn\Matlab\CDCTest\Testdata\AMP50mm_0.41Hz_0.6A\auto_1.csv,D:\OneDrive - mail.scut.edu.cn\Matlab\CDCTest\Raw_Card_Categorized_All\1_SH\SH_50mm_0.41Hz_0.6A_r1.csv,Testdata,AMP50mm_0.41Hz_0.6A,84f452670d43767e490858ab77161188c31b8b31cddc77c2b4af9ad49b571e24
SH_A50_F0p41_I0p6,2,D:\OneDrive - mail.scut.edu.cn\Matlab\CDCTest\Testdata - 副本\AMP50mm_0.41Hz_0.6A\auto_1.csv,D:\OneDrive - mail.scut.edu.cn\Matlab\CDCTest\Raw_Card_Categorized_All\1_SH\SH_50mm_0.41Hz_0.6A_r2.csv,TestdataLegacyCopy,AMP50mm_0.41Hz_0.6A,09d5b9ccbcbdd2d079d92b1a04372175a3f9c5062063bcae6e292270905b090e
SH_A50_F0p41_I0p8,2,D:\OneDrive - mail.scut.edu.cn\Matlab\CDCTest\Testdata\AMP50mm_0.41Hz_0.8A\auto_1.csv,D:\OneDrive - mail.scut.edu.cn\Matlab\CDCTest\Raw_Card_Categorized_All\1_SH\SH_50mm_0.41Hz_0.8A_r1.csv,Testdata,AMP50mm_0.41Hz_0.8A,7b72c2e7d7d68fa4faf26214433973d535722ad1c245da4fe89749a1fc5200ae
SH_A50_F0p41_I0p8,2,D:\OneDrive - mail.scut.edu.cn\Matlab\CDCTest\Testdata - 副本\AMP50mm_0.41Hz_0.8A\auto_1.csv,D:\OneDrive - mail.scut.edu.cn\Matlab\CDCTest\Raw_Card_Categorized_All\1_SH\SH_50mm_0.41Hz_0.8A_r2.csv,TestdataLegacyCopy,AMP50mm_0.41Hz_0.8A,625f84c91e1643b0ad5676ca79d0132909b6a237026b7d81d1a15bcb85599bf0
SH_A50_F0p41_I1,2,D:\OneDrive - mail.scut.edu.cn\Matlab\CDCTest\Testdata\AMP50mm_0.41Hz_1.0A\auto_1.csv,D:\OneDrive - mail.scut.edu.cn\Matlab\CDCTest\Raw_Card_Categorized_All\1_SH\SH_50mm_0.41Hz_1A_r1.csv,Testdata,AMP50mm_0.41Hz_1.0A,602e736c3d0c761e9c1943c15d96a58dc6b8671c403f6e9a2979613cf3480a9a
SH_A50_F0p41_I1,2,D:\OneDrive - mail.scut.edu.cn\Matlab\CDCTest\Testdata - 副本\AMP50mm_0.41Hz_1.0A\auto_1.csv,D:\OneDrive - mail.scut.edu.cn\Matlab\CDCTest\Raw_Card_Categorized_All\1_SH\SH_50mm_0.41Hz_1A_r2.csv,TestdataLegacyCopy,AMP50mm_0.41Hz_1.0A,c0b26b6f789cf608dfef04ca33ce32cca03c2b5180d7b86e99322389829bac6a
SH_A50_F0p41_I1p2,2,D:\OneDrive - mail.scut.edu.cn\Matlab\CDCTest\Testdata\AMP50mm_0.41Hz_1.2A\auto_1.csv,D:\OneDrive - mail.scut.edu.cn\Matlab\CDCTest\Raw_Card_Categorized_All\1_SH\SH_50mm_0.41Hz_1.2A_r1.csv,Testdata,AMP50mm_0.41Hz_1.2A,bb35cc15760a66160712554ada57c27e2ca103fd6c277766165db9c631767b56
SH_A50_F0p41_I1p2,2,D:\OneDrive - mail.scut.edu.cn\Matlab\CDCTest\Testdata - 副本\AMP50mm_0.41Hz_1.2A\auto_1.csv,D:\OneDrive - mail.scut.edu.cn\Matlab\CDCTest\Raw_Card_Categorized_All\1_SH\SH_50mm_0.41Hz_1.2A_r2.csv,TestdataLegacyCopy,AMP50mm_0.41Hz_1.2A,da4f9a95965bb29865dd1d270342ee08bd78eac19a50cac876bc317c6128b13f
SH_A50_F0p41_I1p4,2,D:\OneDrive - mail.scut.edu.cn\Matlab\CDCTest\Testdata\AMP50mm_0.41Hz_1.4A\auto_1.csv,D:\OneDrive - mail.scut.edu.cn\Matlab\CDCTest\Raw_Card_Categorized_All\1_SH\SH_50mm_0.41Hz_1.4A_r1.csv,Testdata,AMP50mm_0.41Hz_1.4A,5cada2d91d83b65d9cf9735ff37de13645a81478d6ec950992b18ffe33787845
SH_A50_F0p41_I1p4,2,D:\OneDrive - mail.scut.edu.cn\Matlab\CDCTest\Testdata - 副本\AMP50mm_0.41Hz_1.4A\auto_1.csv,D:\OneDrive - mail.scut.edu.cn\Matlab\CDCTest\Raw_Card_Categorized_All\1_SH\SH_50mm_0.41Hz_1.4A_r2.csv,TestdataLegacyCopy,AMP50mm_0.41Hz_1.4A,398c94e27492d611d9380a8676446d86449120889f9cc551ecd173295d1914f6
SH_A50_F0p83_I0,2,D:\OneDrive - mail.scut.edu.cn\Matlab\CDCTest\Testdata\AMP50mm_0.83Hz_0.0A\auto_1.csv,D:\OneDrive - mail.scut.edu.cn\Matlab\CDCTest\Raw_Card_Categorized_All\1_SH\SH_50mm_0.83Hz_0A_r1.csv,Testdata,AMP50mm_0.83Hz_0.0A,99c011a53649b3db19a5481d8841df0e0b0fabb6cb654de68361274cd04b41e1
SH_A50_F0p83_I0,2,D:\OneDrive - mail.scut.edu.cn\Matlab\CDCTest\Testdata - 副本\AMP50mm_0.83Hz_0.0A\auto_1.csv,D:\OneDrive - mail.scut.edu.cn\Matlab\CDCTest\Raw_Card_Categorized_All\1_SH\SH_50mm_0.83Hz_0A_r2.csv,TestdataLegacyCopy,AMP50mm_0.83Hz_0.0A,28b961d13b3d109542d0754f9cba39ff1aef759fccbcd01c0c80bf180b851201
SH_A50_F0p83_I0p2,2,D:\OneDrive - mail.scut.edu.cn\Matlab\CDCTest\Testdata\AMP50mm_0.83Hz_0.2A\auto_1.csv,D:\OneDrive - mail.scut.edu.cn\Matlab\CDCTest\Raw_Card_Categorized_All\1_SH\SH_50mm_0.83Hz_0.2A_r1.csv,Testdata,AMP50mm_0.83Hz_0.2A,3f865d7e6a4af0bacbbe45456904847dbc982a27ae270feb93fac5b39c5bf40a
SH_A50_F0p83_I0p2,2,D:\OneDrive - mail.scut.edu.cn\Matlab\CDCTest\Testdata - 副本\AMP50mm_0.83Hz_0.2A\auto_1.csv,D:\OneDrive - mail.scut.edu.cn\Matlab\CDCTest\Raw_Card_Categorized_All\1_SH\SH_50mm_0.83Hz_0.2A_r2.csv,TestdataLegacyCopy,AMP50mm_0.83Hz_0.2A,bc878186c3caca1c8a5b6199e1fdc6f28b106d10ab6b2655bfb92558a67ab3c7
SH_A50_F0p83_I0p4,2,D:\OneDrive - mail.scut.edu.cn\Matlab\CDCTest\Testdata\AMP50mm_0.83Hz_0.4A\auto_1.csv,D:\OneDrive - mail.scut.edu.cn\Matlab\CDCTest\Raw_Card_Categorized_All\1_SH\SH_50mm_0.83Hz_0.4A_r1.csv,Testdata,AMP50mm_0.83Hz_0.4A,b7f4d68b8ee3d818966a2dbfebd0c19861d3bb38b6edf10645298c63df99e295
SH_A50_F0p83_I0p4,2,D:\OneDrive - mail.scut.edu.cn\Matlab\CDCTest\Testdata - 副本\AMP50mm_0.83Hz_0.4A\auto_1.csv,D:\OneDrive - mail.scut.edu.cn\Matlab\CDCTest\Raw_Card_Categorized_All\1_SH\SH_50mm_0.83Hz_0.4A_r2.csv,TestdataLegacyCopy,AMP50mm_0.83Hz_0.4A,6e57c973e1744c272432bdb6f800fe19c5775906bfda2cac9453ff242b5a0421
SH_A50_F0p83_I0p6,2,D:\OneDrive - mail.scut.edu.cn\Matlab\CDCTest\Testdata\AMP50mm_0.83Hz_0.6A\auto_1.csv,D:\OneDrive - mail.scut.edu.cn\Matlab\CDCTest\Raw_Card_Categorized_All\1_SH\SH_50mm_0.83Hz_0.6A_r1.csv,Testdata,AMP50mm_0.83Hz_0.6A,f99ab012ae5ae9068a7e955a30e83808cfb061061400b392260dd096e22a191b
SH_A50_F0p83_I0p6,2,D:\OneDrive - mail.scut.edu.cn\Matlab\CDCTest\Testdata - 副本\AMP50mm_0.83Hz_0.6A\auto_1.csv,D:\OneDrive - mail.scut.edu.cn\Matlab\CDCTest\Raw_Card_Categorized_All\1_SH\SH_50mm_0.83Hz_0.6A_r2.csv,TestdataLegacyCopy,AMP50mm_0.83Hz_0.6A,de704ddfd5f3213b0fc83a81bd9788f7c97654cbc3b36a9225d9d32c4a2fa625
SH_A50_F0p83_I0p8,2,D:\OneDrive - mail.scut.edu.cn\Matlab\CDCTest\Testdata\AMP50mm_0.83Hz_0.8A\auto_1.csv,D:\OneDrive - mail.scut.edu.cn\Matlab\CDCTest\Raw_Card_Categorized_All\1_SH\SH_50mm_0.83Hz_0.8A_r1.csv,Testdata,AMP50mm_0.83Hz_0.8A,6d6096c3b06d8a6e094076e703e8fb79d8168bc3a7b02b0531c5503924ca50f5
SH_A50_F0p83_I0p8,2,D:\OneDrive - mail.scut.edu.cn\Matlab\CDCTest\Testdata - 副本\AMP50mm_0.83Hz_0.8A\auto_1.csv,D:\OneDrive - mail.scut.edu.cn\Matlab\CDCTest\Raw_Card_Categorized_All\1_SH\SH_50mm_0.83Hz_0.8A_r2.csv,TestdataLegacyCopy,AMP50mm_0.83Hz_0.8A,053a9b8ae13d0fcc3375a3ab3e059a9fc3dbf4dbf06cd7ef37b2b8df0c72024a
SH_A50_F0p83_I1,2,D:\OneDrive - mail.scut.edu.cn\Matlab\CDCTest\Testdata\AMP50mm_0.83Hz_1.0A\auto_1.csv,D:\OneDrive - mail.scut.edu.cn\Matlab\CDCTest\Raw_Card_Categorized_All\1_SH\SH_50mm_0.83Hz_1A_r1.csv,Testdata,AMP50mm_0.83Hz_1.0A,c62e34e6c35bbe1ac751b33d117b3a41aa475399b515dda68e7d6f13f96c5449
SH_A50_F0p83_I1,2,D:\OneDrive - mail.scut.edu.cn\Matlab\CDCTest\Testdata - 副本\AMP50mm_0.83Hz_1.0A\auto_1.csv,D:\OneDrive - mail.scut.edu.cn\Matlab\CDCTest\Raw_Card_Categorized_All\1_SH\SH_50mm_0.83Hz_1A_r2.csv,TestdataLegacyCopy,AMP50mm_0.83Hz_1.0A,da1f91ea484994e598b4132edc15aa58c9b939ca28ac15981749ffc4669f22f7
SH_A50_F0p83_I1p2,2,D:\OneDrive - mail.scut.edu.cn\Matlab\CDCTest\Testdata\AMP50mm_0.83Hz_1.2A\auto_1.csv,D:\OneDrive - mail.scut.edu.cn\Matlab\CDCTest\Raw_Card_Categorized_All\1_SH\SH_50mm_0.83Hz_1.2A_r1.csv,Testdata,AMP50mm_0.83Hz_1.2A,d056842bcb92a5f5ce9a8718c43c653772430d623944487f2305fbfea2ff91c7
SH_A50_F0p83_I1p2,2,D:\OneDrive - mail.scut.edu.cn\Matlab\CDCTest\Testdata - 副本\AMP50mm_0.83Hz_1.2A\auto_1.csv,D:\OneDrive - mail.scut.edu.cn\Matlab\CDCTest\Raw_Card_Categorized_All\1_SH\SH_50mm_0.83Hz_1.2A_r2.csv,TestdataLegacyCopy,AMP50mm_0.83Hz_1.2A,3cc745e467ed612c77dc396009f4e51caf0de9b99790c2f4eb609eb54af6e699
SH_A50_F0p83_I1p4,2,D:\OneDrive - mail.scut.edu.cn\Matlab\CDCTest\Testdata\AMP50mm_0.83Hz_1.4A\auto_1.csv,D:\OneDrive - mail.scut.edu.cn\Matlab\CDCTest\Raw_Card_Categorized_All\1_SH\SH_50mm_0.83Hz_1.4A_r1.csv,Testdata,AMP50mm_0.83Hz_1.4A,0b3a1d821f459a8b3b112a577c3da028fa6db14a61def4b4587da589e79e391f
SH_A50_F0p83_I1p4,2,D:\OneDrive - mail.scut.edu.cn\Matlab\CDCTest\Testdata - 副本\AMP50mm_0.83Hz_1.4A\auto_1.csv,D:\OneDrive - mail.scut.edu.cn\Matlab\CDCTest\Raw_Card_Categorized_All\1_SH\SH_50mm_0.83Hz_1.4A_r2.csv,TestdataLegacyCopy,AMP50mm_0.83Hz_1.4A,6a079f19e7ad79bcb3e9d9041ed60f031d1bb85895c89e4f4c000d723de2c19f
SH_A50_F1p66_I0,2,D:\OneDrive - mail.scut.edu.cn\Matlab\CDCTest\Testdata\AMP50mm_1.66Hz_0.0A\auto_1.csv,D:\OneDrive - mail.scut.edu.cn\Matlab\CDCTest\Raw_Card_Categorized_All\1_SH\SH_50mm_1.66Hz_0A_r1.csv,Testdata,AMP50mm_1.66Hz_0.0A,a2ca49ad2ddbc420623cf1e0b2a2d015a376f4b2152f151709a4773ce0550c65
SH_A50_F1p66_I0,2,D:\OneDrive - mail.scut.edu.cn\Matlab\CDCTest\Testdata - 副本\AMP50mm_1.66Hz_0.0A\auto_1.csv,D:\OneDrive - mail.scut.edu.cn\Matlab\CDCTest\Raw_Card_Categorized_All\1_SH\SH_50mm_1.66Hz_0A_r2.csv,TestdataLegacyCopy,AMP50mm_1.66Hz_0.0A,5989e5531bab981ea7daf3a637236bbbbe56fb711c346f106e88baf24c352c6b
SH_A50_F1p66_I0p2,2,D:\OneDrive - mail.scut.edu.cn\Matlab\CDCTest\Testdata\AMP50mm_1.66Hz_0.2A\auto_1.csv,D:\OneDrive - mail.scut.edu.cn\Matlab\CDCTest\Raw_Card_Categorized_All\1_SH\SH_50mm_1.66Hz_0.2A_r1.csv,Testdata,AMP50mm_1.66Hz_0.2A,1d82c8fc5ac2826c1286392fc4fe529977687e50e80c64feb6018761c7d75293
SH_A50_F1p66_I0p2,2,D:\OneDrive - mail.scut.edu.cn\Matlab\CDCTest\Testdata - 副本\AMP50mm_1.66Hz_0.2A\auto_1.csv,D:\OneDrive - mail.scut.edu.cn\Matlab\CDCTest\Raw_Card_Categorized_All\1_SH\SH_50mm_1.66Hz_0.2A_r2.csv,TestdataLegacyCopy,AMP50mm_1.66Hz_0.2A,7fa26287dc85528438b44224a3f191f4773db2d173bf0e7d45aa0241c686dc81
SH_A50_F1p66_I0p4,2,D:\OneDrive - mail.scut.edu.cn\Matlab\CDCTest\Testdata\AMP50mm_1.66Hz_0.4A\auto_1.csv,D:\OneDrive - mail.scut.edu.cn\Matlab\CDCTest\Raw_Card_Categorized_All\1_SH\SH_50mm_1.66Hz_0.4A_r1.csv,Testdata,AMP50mm_1.66Hz_0.4A,e23721f3073e27fe79bacd68d2d5027489ea680c09c5d532c654cdac2216e0ef
SH_A50_F1p66_I0p4,2,D:\OneDrive - mail.scut.edu.cn\Matlab\CDCTest\Testdata - 副本\AMP50mm_1.66Hz_0.4A\auto_1.csv,D:\OneDrive - mail.scut.edu.cn\Matlab\CDCTest\Raw_Card_Categorized_All\1_SH\SH_50mm_1.66Hz_0.4A_r2.csv,TestdataLegacyCopy,AMP50mm_1.66Hz_0.4A,717d538edfa5baeab6c3cfe394214c89304f1fe23efb63d2fcfff77e8019efdf
SH_A50_F1p66_I0p6,2,D:\OneDrive - mail.scut.edu.cn\Matlab\CDCTest\Testdata\AMP50mm_1.66Hz_0.6A\auto_1.csv,D:\OneDrive - mail.scut.edu.cn\Matlab\CDCTest\Raw_Card_Categorized_All\1_SH\SH_50mm_1.66Hz_0.6A_r1.csv,Testdata,AMP50mm_1.66Hz_0.6A,a66ca3defc41ac8d08a19b9e31ebb9e9cef0c899446fbde624926ae23129cef1
SH_A50_F1p66_I0p6,2,D:\OneDrive - mail.scut.edu.cn\Matlab\CDCTest\Testdata - 副本\AMP50mm_1.66Hz_0.6A\auto_1.csv,D:\OneDrive - mail.scut.edu.cn\Matlab\CDCTest\Raw_Card_Categorized_All\1_SH\SH_50mm_1.66Hz_0.6A_r2.csv,TestdataLegacyCopy,AMP50mm_1.66Hz_0.6A,401212177b7718fc160460ea87c47c28bf2d5101bd691b4213148e16258817fb
SH_A50_F1p66_I0p8,2,D:\OneDrive - mail.scut.edu.cn\Matlab\CDCTest\Testdata\AMP50mm_1.66Hz_0.8A\auto_1.csv,D:\OneDrive - mail.scut.edu.cn\Matlab\CDCTest\Raw_Card_Categorized_All\1_SH\SH_50mm_1.66Hz_0.8A_r1.csv,Testdata,AMP50mm_1.66Hz_0.8A,374a1d52963911c4a2d37812856a7abeabb53f72563b588043589e9e665ff44c
SH_A50_F1p66_I0p8,2,D:\OneDrive - mail.scut.edu.cn\Matlab\CDCTest\Testdata - 副本\AMP50mm_1.66Hz_0.8A\auto_1.csv,D:\OneDrive - mail.scut.edu.cn\Matlab\CDCTest\Raw_Card_Categorized_All\1_SH\SH_50mm_1.66Hz_0.8A_r2.csv,TestdataLegacyCopy,AMP50mm_1.66Hz_0.8A,ba6cddfde3517ed03c9eafa849d2cbc91b50a16dedff8130d990902e5b3f0065
SH_A50_F1p66_I1,2,D:\OneDrive - mail.scut.edu.cn\Matlab\CDCTest\Testdata\AMP50mm_1.66Hz_1.0A\auto_1.csv,D:\OneDrive - mail.scut.edu.cn\Matlab\CDCTest\Raw_Card_Categorized_All\1_SH\SH_50mm_1.66Hz_1A_r1.csv,Testdata,AMP50mm_1.66Hz_1.0A,7bda59ee9322c9b47ba4fe4f3e53920fbcf6cf8f97a6b85e87455bc72c7d4faa
SH_A50_F1p66_I1,2,D:\OneDrive - mail.scut.edu.cn\Matlab\CDCTest\Testdata - 副本\AMP50mm_1.66Hz_1.0A\auto_1.csv,D:\OneDrive - mail.scut.edu.cn\Matlab\CDCTest\Raw_Card_Categorized_All\1_SH\SH_50mm_1.66Hz_1A_r2.csv,TestdataLegacyCopy,AMP50mm_1.66Hz_1.0A,b837c0031e9092fa93fad117e174c0d7080ccd353e16187d3740a440558b53f5
SH_A50_F1p66_I1p2,2,D:\OneDrive - mail.scut.edu.cn\Matlab\CDCTest\Testdata\AMP50mm_1.66Hz_1.2A\auto_1.csv,D:\OneDrive - mail.scut.edu.cn\Matlab\CDCTest\Raw_Card_Categorized_All\1_SH\SH_50mm_1.66Hz_1.2A_r1.csv,Testdata,AMP50mm_1.66Hz_1.2A,9a31910336bd5a4269e85dd8cbd9ce9af468ccfcd6db726d6fa98b32f55ce9b9
SH_A50_F1p66_I1p2,2,D:\OneDrive - mail.scut.edu.cn\Matlab\CDCTest\Testdata - 副本\AMP50mm_1.66Hz_1.2A\auto_1.csv,D:\OneDrive - mail.scut.edu.cn\Matlab\CDCTest\Raw_Card_Categorized_All\1_SH\SH_50mm_1.66Hz_1.2A_r2.csv,TestdataLegacyCopy,AMP50mm_1.66Hz_1.2A,394a62d37fd8b8e386517460f90e4e5b76aa512d211a19bfaef0d0d3e640dcf9
SH_A50_F1p66_I1p4,2,D:\OneDrive - mail.scut.edu.cn\Matlab\CDCTest\Testdata\AMP50mm_1.66Hz_1.4A\auto_1.csv,D:\OneDrive - mail.scut.edu.cn\Matlab\CDCTest\Raw_Card_Categorized_All\1_SH\SH_50mm_1.66Hz_1.4A_r1.csv,Testdata,AMP50mm_1.66Hz_1.4A,d316e6780374e3203d7e6b4b6338c88e17adc717bb6ab085b2d28316b60b0ea7
SH_A50_F1p66_I1p4,2,D:\OneDrive - mail.scut.edu.cn\Matlab\CDCTest\Testdata - 副本\AMP50mm_1.66Hz_1.4A\auto_1.csv,D:\OneDrive - mail.scut.edu.cn\Matlab\CDCTest\Raw_Card_Categorized_All\1_SH\SH_50mm_1.66Hz_1.4A_r2.csv,TestdataLegacyCopy,AMP50mm_1.66Hz_1.4A,355e88e14fd46201d13a21f024693b8aa769cd794a213c96707bae63fc8ac855
SH_A5_F6p62_I0,2,D:\OneDrive - mail.scut.edu.cn\Matlab\CDCTest\Testdata\AMP5mm_6.62Hz_0.0A\auto_1.csv,D:\OneDrive - mail.scut.edu.cn\Matlab\CDCTest\Raw_Card_Categorized_All\1_SH\SH_5mm_6.62Hz_0A_r1.csv,Testdata,AMP5mm_6.62Hz_0.0A,7a74d0c710ccdae3c869e82e30a7e4f90b17099fe5d67130f20adc9d494057a2
SH_A5_F6p62_I0,2,D:\OneDrive - mail.scut.edu.cn\Matlab\CDCTest\Testdata - 副本\AMP5mm_6.62Hz_0.0A\auto_1.csv,D:\OneDrive - mail.scut.edu.cn\Matlab\CDCTest\Raw_Card_Categorized_All\1_SH\SH_5mm_6.62Hz_0A_r2.csv,TestdataLegacyCopy,AMP5mm_6.62Hz_0.0A,b2f62559d8584f97c4851b6234c25c8f95d0629aeeb86ff211342ebc7d11e3fc
SH_A5_F6p62_I0p2,2,D:\OneDrive - mail.scut.edu.cn\Matlab\CDCTest\Testdata\AMP5mm_6.62Hz_0.2A\auto_1.csv,D:\OneDrive - mail.scut.edu.cn\Matlab\CDCTest\Raw_Card_Categorized_All\1_SH\SH_5mm_6.62Hz_0.2A_r1.csv,Testdata,AMP5mm_6.62Hz_0.2A,a8448aebfea821ba4db4358d013fe0d86b4233dca2f5588f1f85155be03e9188
SH_A5_F6p62_I0p2,2,D:\OneDrive - mail.scut.edu.cn\Matlab\CDCTest\Testdata - 副本\AMP5mm_6.62Hz_0.2A\auto_1.csv,D:\OneDrive - mail.scut.edu.cn\Matlab\CDCTest\Raw_Card_Categorized_All\1_SH\SH_5mm_6.62Hz_0.2A_r2.csv,TestdataLegacyCopy,AMP5mm_6.62Hz_0.2A,a8354186d62b2504e19f3c33207f4d62456f5b4bb625f688cd0ee20237204a93
SH_A5_F6p62_I0p4,2,D:\OneDrive - mail.scut.edu.cn\Matlab\CDCTest\Testdata\AMP5mm_6.62Hz_0.4A\auto_1.csv,D:\OneDrive - mail.scut.edu.cn\Matlab\CDCTest\Raw_Card_Categorized_All\1_SH\SH_5mm_6.62Hz_0.4A_r1.csv,Testdata,AMP5mm_6.62Hz_0.4A,7fa034a4c7468354273d274389c2dc809eb5e06aee298c5941aba7a863ed94ae
SH_A5_F6p62_I0p4,2,D:\OneDrive - mail.scut.edu.cn\Matlab\CDCTest\Testdata - 副本\AMP5mm_6.62Hz_0.4A\auto_1.csv,D:\OneDrive - mail.scut.edu.cn\Matlab\CDCTest\Raw_Card_Categorized_All\1_SH\SH_5mm_6.62Hz_0.4A_r2.csv,TestdataLegacyCopy,AMP5mm_6.62Hz_0.4A,dc012b54801219a5a1694069d6953d11075a95c837d3d237a46cc74d191ec638
SH_A5_F6p62_I0p6,2,D:\OneDrive - mail.scut.edu.cn\Matlab\CDCTest\Testdata\AMP5mm_6.62Hz_0.6A\auto_1.csv,D:\OneDrive - mail.scut.edu.cn\Matlab\CDCTest\Raw_Card_Categorized_All\1_SH\SH_5mm_6.62Hz_0.6A_r1.csv,Testdata,AMP5mm_6.62Hz_0.6A,4350a9b86b21ce77a9c2b2e704af2253b177d132411f72a38e5cfb976b7c1e49
SH_A5_F6p62_I0p6,2,D:\OneDrive - mail.scut.edu.cn\Matlab\CDCTest\Testdata - 副本\AMP5mm_6.62Hz_0.6A\auto_1.csv,D:\OneDrive - mail.scut.edu.cn\Matlab\CDCTest\Raw_Card_Categorized_All\1_SH\SH_5mm_6.62Hz_0.6A_r2.csv,TestdataLegacyCopy,AMP5mm_6.62Hz_0.6A,458e95f964f1ec875d9d8db0eea81e18ac933c3a43f9d9c15eacf6fe59bca44d
SH_A5_F6p62_I0p8,2,D:\OneDrive - mail.scut.edu.cn\Matlab\CDCTest\Testdata\AMP5mm_6.62Hz_0.8A\auto_1.csv,D:\OneDrive - mail.scut.edu.cn\Matlab\CDCTest\Raw_Card_Categorized_All\1_SH\SH_5mm_6.62Hz_0.8A_r1.csv,Testdata,AMP5mm_6.62Hz_0.8A,00246df7164912a28a8f5fb3e046fdd3dee54d25cb9d76887e2a77bf5e19d3eb
SH_A5_F6p62_I0p8,2,D:\OneDrive - mail.scut.edu.cn\Matlab\CDCTest\Testdata - 副本\AMP5mm_6.62Hz_0.8A\auto_1.csv,D:\OneDrive - mail.scut.edu.cn\Matlab\CDCTest\Raw_Card_Categorized_All\1_SH\SH_5mm_6.62Hz_0.8A_r2.csv,TestdataLegacyCopy,AMP5mm_6.62Hz_0.8A,87d1c4262ab66b96ca0e015a7cf8a11c1631527bbaecd6e74b2bab7300283f5f
SH_A5_F6p62_I1,2,D:\OneDrive - mail.scut.edu.cn\Matlab\CDCTest\Testdata\AMP5mm_6.62Hz_1.0A\auto_1.csv,D:\OneDrive - mail.scut.edu.cn\Matlab\CDCTest\Raw_Card_Categorized_All\1_SH\SH_5mm_6.62Hz_1A_r1.csv,Testdata,AMP5mm_6.62Hz_1.0A,fd323f895ee31c32f06c89cbe4a27126266bc9d29a9a5e3d0062d0708d3f85a7
SH_A5_F6p62_I1,2,D:\OneDrive - mail.scut.edu.cn\Matlab\CDCTest\Testdata - 副本\AMP5mm_6.62Hz_1.0A\auto_1.csv,D:\OneDrive - mail.scut.edu.cn\Matlab\CDCTest\Raw_Card_Categorized_All\1_SH\SH_5mm_6.62Hz_1A_r2.csv,TestdataLegacyCopy,AMP5mm_6.62Hz_1.0A,21dc14b517e5682eaa5989e05a91890d2327edfeab341e5c3b5ea664411cd5c0
SH_A5_F6p62_I1p2,2,D:\OneDrive - mail.scut.edu.cn\Matlab\CDCTest\Testdata\AMP5mm_6.62Hz_1.2A\auto_1.csv,D:\OneDrive - mail.scut.edu.cn\Matlab\CDCTest\Raw_Card_Categorized_All\1_SH\SH_5mm_6.62Hz_1.2A_r1.csv,Testdata,AMP5mm_6.62Hz_1.2A,5872ab9e7fcaf2d564486d1dbfbaf5f908dd601ca24db88d49dd3d93de3ccfcc
SH_A5_F6p62_I1p2,2,D:\OneDrive - mail.scut.edu.cn\Matlab\CDCTest\Testdata - 副本\AMP5mm_6.62Hz_1.2A\auto_1.csv,D:\OneDrive - mail.scut.edu.cn\Matlab\CDCTest\Raw_Card_Categorized_All\1_SH\SH_5mm_6.62Hz_1.2A_r2.csv,TestdataLegacyCopy,AMP5mm_6.62Hz_1.2A,e46e71196c86d34b07ddf89e5ceee9d0f0a80b7c39aad6e0f8178f3efae89024
SH_A5_F6p62_I1p4,2,D:\OneDrive - mail.scut.edu.cn\Matlab\CDCTest\Testdata\AMP5mm_6.62Hz_1.4A\auto_1.csv,D:\OneDrive - mail.scut.edu.cn\Matlab\CDCTest\Raw_Card_Categorized_All\1_SH\SH_5mm_6.62Hz_1.4A_r1.csv,Testdata,AMP5mm_6.62Hz_1.4A,a68842c228490076c3b80047ead5d6e5f5902fdcb71081947a9363b8f785d0f5
SH_A5_F6p62_I1p4,2,D:\OneDrive - mail.scut.edu.cn\Matlab\CDCTest\Testdata - 副本\AMP5mm_6.62Hz_1.4A\auto_1.csv,D:\OneDrive - mail.scut.edu.cn\Matlab\CDCTest\Raw_Card_Categorized_All\1_SH\SH_5mm_6.62Hz_1.4A_r2.csv,TestdataLegacyCopy,AMP5mm_6.62Hz_1.4A,b81610f1bef69cd4fcb3e8d8b840855b17f04de62896efff75596b4bd141f39d
ST_A10_V0p13_STEP5_0_I1p6,3,D:\OneDrive - mail.scut.edu.cn\Matlab\CDCTest\step430\AMP10mm_Vel0.13_step5_0_1.6A_1\auto_1.csv,D:\OneDrive - mail.scut.edu.cn\Matlab\CDCTest\Raw_Card_Categorized_All\5_ST\ST_10mm_Vel0.13_step5_0_1.6A_r1.csv,step430,AMP10mm_Vel0.13_step5_0_1.6A_1,44458216fac9139b16e261af48840369c554a6481dcbc9d03675364e8d690388
ST_A10_V0p13_STEP5_0_I1p6,3,D:\OneDrive - mail.scut.edu.cn\Matlab\CDCTest\step430\AMP10mm_Vel0.13_step5_0_1.6A_2\auto_1.csv,D:\OneDrive - mail.scut.edu.cn\Matlab\CDCTest\Raw_Card_Categorized_All\5_ST\ST_10mm_Vel0.13_step5_0_1.6A_r2.csv,step430,AMP10mm_Vel0.13_step5_0_1.6A_2,4aea6a068dc5c3e54994f582c489badc43ee6da9468d2161354a78a8ef48ba5d
ST_A10_V0p13_STEP5_0_I1p6,3,D:\OneDrive - mail.scut.edu.cn\Matlab\CDCTest\step430\AMP10mm_Vel0.13_step5_0_1.6A_3\auto_1.csv,D:\OneDrive - mail.scut.edu.cn\Matlab\CDCTest\Raw_Card_Categorized_All\5_ST\ST_10mm_Vel0.13_step5_0_1.6A_r3.csv,step430,AMP10mm_Vel0.13_step5_0_1.6A_3,0a212e938cc3061f84be062238f8a68e44465cb1bb29f322b96b7f4adee9afdf
ST_A20_V0p13_STEP5_0_I1p6,3,D:\OneDrive - mail.scut.edu.cn\Matlab\CDCTest\step430\AMP20mm_Vel0.13_step5_0_1.6A_1\auto_1.csv,D:\OneDrive - mail.scut.edu.cn\Matlab\CDCTest\Raw_Card_Categorized_All\5_ST\ST_20mm_Vel0.13_step5_0_1.6A_r1.csv,step430,AMP20mm_Vel0.13_step5_0_1.6A_1,aeda483909d0fd758c416c1a7bedebbc13d879518e55dfbdad6edeb3bd14c721
ST_A20_V0p13_STEP5_0_I1p6,3,D:\OneDrive - mail.scut.edu.cn\Matlab\CDCTest\step430\AMP20mm_Vel0.13_step5_0_1.6A_2\auto_1.csv,D:\OneDrive - mail.scut.edu.cn\Matlab\CDCTest\Raw_Card_Categorized_All\5_ST\ST_20mm_Vel0.13_step5_0_1.6A_r2.csv,step430,AMP20mm_Vel0.13_step5_0_1.6A_2,9796307503594c34bccb89fd017fbde7a5490c3a148f5b07b25e3eafeafda056
ST_A20_V0p13_STEP5_0_I1p6,3,D:\OneDrive - mail.scut.edu.cn\Matlab\CDCTest\step430\AMP20mm_Vel0.13_step5_0_1.6A_3\auto_1.csv,D:\OneDrive - mail.scut.edu.cn\Matlab\CDCTest\Raw_Card_Categorized_All\5_ST\ST_20mm_Vel0.13_step5_0_1.6A_r3.csv,step430,AMP20mm_Vel0.13_step5_0_1.6A_3,1d43ede8ded04fb30de53c41728e4c5880ead17c2d5de1977146224daccbeef3
ST_A20_V0p26_STEP5_0_I1p6,3,D:\OneDrive - mail.scut.edu.cn\Matlab\CDCTest\step430\AMP20mm_Vel0.26_step5_0_1.6A_1\auto_1.csv,D:\OneDrive - mail.scut.edu.cn\Matlab\CDCTest\Raw_Card_Categorized_All\5_ST\ST_20mm_Vel0.26_step5_0_1.6A_r1.csv,step430,AMP20mm_Vel0.26_step5_0_1.6A_1,b2159ff84e799bc7c02f58b465fbc5c896753aff41d20d7579530a92fac9f634
ST_A20_V0p26_STEP5_0_I1p6,3,D:\OneDrive - mail.scut.edu.cn\Matlab\CDCTest\step430\AMP20mm_Vel0.26_step5_0_1.6A_2\auto_1.csv,D:\OneDrive - mail.scut.edu.cn\Matlab\CDCTest\Raw_Card_Categorized_All\5_ST\ST_20mm_Vel0.26_step5_0_1.6A_r2.csv,step430,AMP20mm_Vel0.26_step5_0_1.6A_2,efd93378f9e3cf0aa2bc9d799f746f33155fda7d7e14b8ed3c7870a2f8bf55fc
ST_A20_V0p26_STEP5_0_I1p6,3,D:\OneDrive - mail.scut.edu.cn\Matlab\CDCTest\step430\AMP20mm_Vel0.26_step5_0_1.6A_3\auto_1.csv,D:\OneDrive - mail.scut.edu.cn\Matlab\CDCTest\Raw_Card_Categorized_All\5_ST\ST_20mm_Vel0.26_step5_0_1.6A_r3.csv,step430,AMP20mm_Vel0.26_step5_0_1.6A_3,69ff62b736c9e343de7d9206e2fbba58fb1e074f4a3f5b7cc1ccd96266d039a9
ST_A50_V0p13_STEP5_0_I1p6,3,D:\OneDrive - mail.scut.edu.cn\Matlab\CDCTest\step430\AMP50mm_Vel0.13_step5_0_1.6A_1\auto_1.csv,D:\OneDrive - mail.scut.edu.cn\Matlab\CDCTest\Raw_Card_Categorized_All\5_ST\ST_50mm_Vel0.13_step5_0_1.6A_r1.csv,step430,AMP50mm_Vel0.13_step5_0_1.6A_1,e3f9db38d58bf7de8bd8cf87ebea055809f4375cb92f8ae19c971fb86e4a3d14
ST_A50_V0p13_STEP5_0_I1p6,3,D:\OneDrive - mail.scut.edu.cn\Matlab\CDCTest\step430\AMP50mm_Vel0.13_step5_0_1.6A_2\auto_1.csv,D:\OneDrive - mail.scut.edu.cn\Matlab\CDCTest\Raw_Card_Categorized_All\5_ST\ST_50mm_Vel0.13_step5_0_1.6A_r2.csv,step430,AMP50mm_Vel0.13_step5_0_1.6A_2,599e1bc0d0fc200ef74e1385de49e8c2c19bd4138f433aaab30b0a4f7e544d25
ST_A50_V0p13_STEP5_0_I1p6,3,D:\OneDrive - mail.scut.edu.cn\Matlab\CDCTest\step430\AMP50mm_Vel0.13_step5_0_1.6A_3\auto_1.csv,D:\OneDrive - mail.scut.edu.cn\Matlab\CDCTest\Raw_Card_Categorized_All\5_ST\ST_50mm_Vel0.13_step5_0_1.6A_r3.csv,step430,AMP50mm_Vel0.13_step5_0_1.6A_3,a5fb733bfc02c352d79281248149f2628760904fda4aeef053ba13ca02e7696c
ST_A50_V0p26_STEP5_0_I1p6,3,D:\OneDrive - mail.scut.edu.cn\Matlab\CDCTest\step430\AMP50mm_Vel0.26_step5_0_1.6A_1\auto_1.csv,D:\OneDrive - mail.scut.edu.cn\Matlab\CDCTest\Raw_Card_Categorized_All\5_ST\ST_50mm_Vel0.26_step5_0_1.6A_r1.csv,step430,AMP50mm_Vel0.26_step5_0_1.6A_1,749840ef80e3d97d814c1c888862d6313d8aae39f262e3a35fdd24c932abc85e
ST_A50_V0p26_STEP5_0_I1p6,3,D:\OneDrive - mail.scut.edu.cn\Matlab\CDCTest\step430\AMP50mm_Vel0.26_step5_0_1.6A_2\auto_1.csv,D:\OneDrive - mail.scut.edu.cn\Matlab\CDCTest\Raw_Card_Categorized_All\5_ST\ST_50mm_Vel0.26_step5_0_1.6A_r2.csv,step430,AMP50mm_Vel0.26_step5_0_1.6A_2,4a3dadb9c0ac93f0388ec046d2e8670a29be6ddf3703b2c7d1dcaec2fb36e8a8
ST_A50_V0p26_STEP5_0_I1p6,3,D:\OneDrive - mail.scut.edu.cn\Matlab\CDCTest\step430\AMP50mm_Vel0.26_step5_0_1.6A_3\auto_1.csv,D:\OneDrive - mail.scut.edu.cn\Matlab\CDCTest\Raw_Card_Categorized_All\5_ST\ST_50mm_Vel0.26_step5_0_1.6A_r3.csv,step430,AMP50mm_Vel0.26_step5_0_1.6A_3,094c1f000687a9c4ca6f0b187c49c7849793c22e6b416ce2a93a1c568d12a138
ST_A5_V0p13_STEP5_0_I1p6,3,D:\OneDrive - mail.scut.edu.cn\Matlab\CDCTest\step430\AMP5mm_Vel0.13_step5_0_1.6A_1\auto_1.csv,D:\OneDrive - mail.scut.edu.cn\Matlab\CDCTest\Raw_Card_Categorized_All\5_ST\ST_5mm_Vel0.13_step5_0_1.6A_r1.csv,step430,AMP5mm_Vel0.13_step5_0_1.6A_1,7aa659a43be428d678373db64af095b8a272590756ae4c67dfe8e541588964ad
ST_A5_V0p13_STEP5_0_I1p6,3,D:\OneDrive - mail.scut.edu.cn\Matlab\CDCTest\step430\AMP5mm_Vel0.13_step5_0_1.6A_2\auto_1.csv,D:\OneDrive - mail.scut.edu.cn\Matlab\CDCTest\Raw_Card_Categorized_All\5_ST\ST_5mm_Vel0.13_step5_0_1.6A_r2.csv,step430,AMP5mm_Vel0.13_step5_0_1.6A_2,a9d621e009e2ec124c8aa9a6edc01647598e4e794ebf89379eae37ca22c96ef5
ST_A5_V0p13_STEP5_0_I1p6,3,D:\OneDrive - mail.scut.edu.cn\Matlab\CDCTest\step430\AMP5mm_Vel0.13_step5_0_1.6A_3\auto_1.csv,D:\OneDrive - mail.scut.edu.cn\Matlab\CDCTest\Raw_Card_Categorized_All\5_ST\ST_5mm_Vel0.13_step5_0_1.6A_r3.csv,step430,AMP5mm_Vel0.13_step5_0_1.6A_3,9f203c8a570eab408db3c22eaa2b57830e9737afd93d261a047e292b395917a9
