epoch,train_loss,monitor_nrmse_pct,all_val_mean_nrmse_pct,all_val_max_nrmse_pct,monitor_h_mean,monitor_h_max,lr,epoch_seconds
1,0.00914082,45.200397,24.959281,45.200397,0.498285,0.780578,0.00029971388,951.053
2,0.00478791,nan,nan,nan,nan,nan,0.00029885663,341.389
3,0.00414700,nan,nan,nan,nan,nan,0.00029743165,338.057
4,0.00361239,nan,nan,nan,nan,nan,0.00029544456,339.167
5,0.00448786,nan,nan,nan,nan,nan,0.00029290319,339.904
6,0.00356395,nan,nan,nan,nan,nan,0.00028981759,344.300
7,0.00311701,nan,nan,nan,nan,nan,0.00028619992,347.248
8,0.00307298,nan,nan,nan,nan,nan,0.00028206447,369.701
9,0.00342035,nan,nan,nan,nan,nan,0.00027742755,366.433
10,0.00340647,45.368278,nan,nan,0.506910,0.788994,0.00027230746,438.581
11,0.00366535,nan,nan,nan,nan,nan,0.00026672442,448.592
12,0.00290282,nan,nan,nan,nan,nan,0.00026070045,437.197
13,0.00302856,nan,nan,nan,nan,nan,0.00025425933,383.404
14,0.00289347,nan,nan,nan,nan,nan,0.00024742648,384.323
15,0.00266522,nan,nan,nan,nan,nan,0.00024022886,382.281
16,0.00311396,nan,nan,nan,nan,nan,0.00023269489,369.992
17,0.00283541,nan,nan,nan,nan,nan,0.00022485428,368.912
18,0.00323046,nan,nan,nan,nan,nan,0.000216738,383.419
19,0.00285018,nan,nan,nan,nan,nan,0.00020837806,398.225
20,0.00261720,43.614529,24.179911,43.638339,0.524868,0.812715,0.00019980746,1116.475
21,0.00254207,nan,nan,nan,nan,nan,0.00019106003,469.285
22,0.00253251,nan,nan,nan,nan,nan,0.00018217029,443.983
23,0.00241099,nan,nan,nan,nan,nan,0.00017317332,406.677
24,0.00243747,nan,nan,nan,nan,nan,0.00016410463,402.345
25,0.00247103,nan,nan,nan,nan,nan,0.000155,392.980
26,0.00281133,nan,nan,nan,nan,nan,0.00014589537,389.745
27,0.00214117,nan,nan,nan,nan,nan,0.00013682668,381.028
28,0.00215907,nan,nan,nan,nan,nan,0.00012782971,352.487
29,0.00203661,nan,nan,nan,nan,nan,0.00011893997,344.922
30,0.00209376,39.459480,nan,nan,0.532521,0.840444,0.00011019254,385.765
31,0.00199975,nan,nan,nan,nan,nan,0.00010162194,354.207
32,0.00198348,nan,nan,nan,nan,nan,9.3262003e-05,350.486
33,0.00196648,nan,nan,nan,nan,nan,8.5145717e-05,348.835
34,0.00191666,nan,nan,nan,nan,nan,7.7305115e-05,365.264
35,0.00189902,nan,nan,nan,nan,nan,6.9771138e-05,365.132
36,0.00192382,nan,nan,nan,nan,nan,6.2573521e-05,376.688
37,0.00185167,nan,nan,nan,nan,nan,5.574067e-05,366.734
38,0.00185991,nan,nan,nan,nan,nan,4.9299549e-05,371.616
39,0.00186603,nan,nan,nan,nan,nan,4.327558e-05,344.033
40,0.00184142,43.562835,24.026393,43.562835,0.535181,0.846613,3.7692536e-05,894.105
41,0.00184400,nan,nan,nan,nan,nan,3.2572451e-05,331.736
42,0.00183924,nan,nan,nan,nan,nan,2.7935531e-05,335.724
43,0.00183000,nan,nan,nan,nan,nan,2.3800077e-05,328.514
44,0.00182504,nan,nan,nan,nan,nan,2.018241e-05,329.343
45,0.00182005,nan,nan,nan,nan,nan,1.7096805e-05,354.811
46,0.00181797,nan,nan,nan,nan,nan,1.4555442e-05,363.414
47,0.00180924,nan,nan,nan,nan,nan,1.2568349e-05,361.461
48,0.00180121,nan,nan,nan,nan,nan,1.1143368e-05,361.689
49,0.00180237,nan,nan,nan,nan,nan,1.0286124e-05,361.148
50,0.00179520,43.949061,24.199619,43.949061,0.535673,0.850145,1e-05,975.840
